"hs","weight","naics","naics_original"
"270900",0.181818181818182,"2111","211130"
"271111",0.181818181818182,"2111","211130"
"271000",0.0909090909090909,"2111","211130"
"271112",0.0909090909090909,"2111","211130"
"271113",0.0909090909090909,"2111","211130"
"271119",0.0909090909090909,"2111","211130"
"271121",0.0909090909090909,"2111","211130"
"271129",0.0909090909090909,"2111","211130"
"271410",0.0909090909090909,"2111","211130"
"270900",0.181818181818182,"2111","211120"
"271111",0.181818181818182,"2111","211120"
"271000",0.0909090909090909,"2111","211120"
"271112",0.0909090909090909,"2111","211120"
"271113",0.0909090909090909,"2111","211120"
"271119",0.0909090909090909,"2111","211120"
"271121",0.0909090909090909,"2111","211120"
"271129",0.0909090909090909,"2111","211120"
"271410",0.0909090909090909,"2111","211120"
"190220",0.333333333333333,"311412","311412"
"190230",0.333333333333333,"311412","311412"
"190590",0.333333333333333,"311412","311412"
"190120",0.25,"311824","311824"
"190211",0.25,"311824","311824"
"190219",0.25,"311824","311824"
"190240",0.25,"311824","311824"
"160210",0.125,"311422","311422"
"190220",0.125,"311422","311422"
"190230",0.125,"311422","311422"
"200510",0.125,"311422","311422"
"200551",0.125,"311422","311422"
"200710",0.125,"311422","311422"
"210410",0.125,"311422","311422"
"210420",0.125,"311422","311422"
"050590",0.0769230769230769,"311613","311613"
"051191",0.0769230769230769,"311613","311613"
"051199",0.0769230769230769,"311613","311613"
"150100",0.0769230769230769,"311613","311613"
"150120",0.0769230769230769,"311613","311613"
"150190",0.0769230769230769,"311613","311613"
"150200",0.0769230769230769,"311613","311613"
"150210",0.0769230769230769,"311613","311613"
"150290",0.0769230769230769,"311613","311613"
"150300",0.0769230769230769,"311613","311613"
"150600",0.0769230769230769,"311613","311613"
"151800",0.0769230769230769,"311613","311613"
"230110",0.0769230769230769,"311613","311613"
"020710",0.0212765957446809,"311615","311615"
"020711",0.0212765957446809,"311615","311615"
"020712",0.0212765957446809,"311615","311615"
"020713",0.0212765957446809,"311615","311615"
"020714",0.0212765957446809,"311615","311615"
"020721",0.0212765957446809,"311615","311615"
"020722",0.0212765957446809,"311615","311615"
"020723",0.0212765957446809,"311615","311615"
"020724",0.0212765957446809,"311615","311615"
"020725",0.0212765957446809,"311615","311615"
"020726",0.0212765957446809,"311615","311615"
"020727",0.0212765957446809,"311615","311615"
"020731",0.0212765957446809,"311615","311615"
"020732",0.0212765957446809,"311615","311615"
"020733",0.0212765957446809,"311615","311615"
"020734",0.0212765957446809,"311615","311615"
"020735",0.0212765957446809,"311615","311615"
"020736",0.0212765957446809,"311615","311615"
"020739",0.0212765957446809,"311615","311615"
"020741",0.0212765957446809,"311615","311615"
"020742",0.0212765957446809,"311615","311615"
"020743",0.0212765957446809,"311615","311615"
"020744",0.0212765957446809,"311615","311615"
"020745",0.0212765957446809,"311615","311615"
"020750",0.0212765957446809,"311615","311615"
"020751",0.0212765957446809,"311615","311615"
"020752",0.0212765957446809,"311615","311615"
"020753",0.0212765957446809,"311615","311615"
"020754",0.0212765957446809,"311615","311615"
"020755",0.0212765957446809,"311615","311615"
"020760",0.0212765957446809,"311615","311615"
"020810",0.0212765957446809,"311615","311615"
"020820",0.0212765957446809,"311615","311615"
"020830",0.0212765957446809,"311615","311615"
"020840",0.0212765957446809,"311615","311615"
"020850",0.0212765957446809,"311615","311615"
"020860",0.0212765957446809,"311615","311615"
"020890",0.0212765957446809,"311615","311615"
"020990",0.0212765957446809,"311615","311615"
"021090",0.0212765957446809,"311615","311615"
"021099",0.0212765957446809,"311615","311615"
"160100",0.0212765957446809,"311615","311615"
"160220",0.0212765957446809,"311615","311615"
"160231",0.0212765957446809,"311615","311615"
"160232",0.0212765957446809,"311615","311615"
"160239",0.0212765957446809,"311615","311615"
"160290",0.0212765957446809,"311615","311615"
"020110",0.0112359550561798,"311611","311611"
"020120",0.0112359550561798,"311611","311611"
"020130",0.0112359550561798,"311611","311611"
"020210",0.0112359550561798,"311611","311611"
"020220",0.0112359550561798,"311611","311611"
"020230",0.0112359550561798,"311611","311611"
"020311",0.0112359550561798,"311611","311611"
"020312",0.0112359550561798,"311611","311611"
"020319",0.0112359550561798,"311611","311611"
"020321",0.0112359550561798,"311611","311611"
"020322",0.0112359550561798,"311611","311611"
"020329",0.0112359550561798,"311611","311611"
"020410",0.0112359550561798,"311611","311611"
"020421",0.0112359550561798,"311611","311611"
"020422",0.0112359550561798,"311611","311611"
"020423",0.0112359550561798,"311611","311611"
"020430",0.0112359550561798,"311611","311611"
"020441",0.0112359550561798,"311611","311611"
"020442",0.0112359550561798,"311611","311611"
"020443",0.0112359550561798,"311611","311611"
"020450",0.0112359550561798,"311611","311611"
"020500",0.0112359550561798,"311611","311611"
"020610",0.0112359550561798,"311611","311611"
"020621",0.0112359550561798,"311611","311611"
"020622",0.0112359550561798,"311611","311611"
"020629",0.0112359550561798,"311611","311611"
"020630",0.0112359550561798,"311611","311611"
"020641",0.0112359550561798,"311611","311611"
"020649",0.0112359550561798,"311611","311611"
"020680",0.0112359550561798,"311611","311611"
"020690",0.0112359550561798,"311611","311611"
"020830",0.0112359550561798,"311611","311611"
"020840",0.0112359550561798,"311611","311611"
"020850",0.0112359550561798,"311611","311611"
"020860",0.0112359550561798,"311611","311611"
"020890",0.0112359550561798,"311611","311611"
"020900",0.0112359550561798,"311611","311611"
"020910",0.0112359550561798,"311611","311611"
"020990",0.0112359550561798,"311611","311611"
"021011",0.0112359550561798,"311611","311611"
"021012",0.0112359550561798,"311611","311611"
"021019",0.0112359550561798,"311611","311611"
"021020",0.0112359550561798,"311611","311611"
"021090",0.0112359550561798,"311611","311611"
"021091",0.0112359550561798,"311611","311611"
"021092",0.0112359550561798,"311611","311611"
"021093",0.0112359550561798,"311611","311611"
"021099",0.0112359550561798,"311611","311611"
"050210",0.0112359550561798,"311611","311611"
"050400",0.0112359550561798,"311611","311611"
"050610",0.0112359550561798,"311611","311611"
"050690",0.0112359550561798,"311611","311611"
"051000",0.0112359550561798,"311611","311611"
"051199",0.0112359550561798,"311611","311611"
"150100",0.0112359550561798,"311611","311611"
"150110",0.0112359550561798,"311611","311611"
"150200",0.0112359550561798,"311611","311611"
"150210",0.0112359550561798,"311611","311611"
"150290",0.0112359550561798,"311611","311611"
"160100",0.0112359550561798,"311611","311611"
"160210",0.0112359550561798,"311611","311611"
"160220",0.0112359550561798,"311611","311611"
"160241",0.0112359550561798,"311611","311611"
"160242",0.0112359550561798,"311611","311611"
"160249",0.0112359550561798,"311611","311611"
"160250",0.0112359550561798,"311611","311611"
"160290",0.0112359550561798,"311611","311611"
"160300",0.0112359550561798,"311611","311611"
"391710",0.0112359550561798,"311611","311611"
"410110",0.0112359550561798,"311611","311611"
"410120",0.0112359550561798,"311611","311611"
"410121",0.0112359550561798,"311611","311611"
"410122",0.0112359550561798,"311611","311611"
"410129",0.0112359550561798,"311611","311611"
"410130",0.0112359550561798,"311611","311611"
"410140",0.0112359550561798,"311611","311611"
"410150",0.0112359550561798,"311611","311611"
"410190",0.0112359550561798,"311611","311611"
"410210",0.0112359550561798,"311611","311611"
"410221",0.0112359550561798,"311611","311611"
"410229",0.0112359550561798,"311611","311611"
"410310",0.0112359550561798,"311611","311611"
"410320",0.0112359550561798,"311611","311611"
"410330",0.0112359550561798,"311611","311611"
"410390",0.0112359550561798,"311611","311611"
"411320",0.0112359550561798,"311611","311611"
"411330",0.0112359550561798,"311611","311611"
"411390",0.0112359550561798,"311611","311611"
"510119",0.0112359550561798,"311611","311611"
"180310",0.0714285714285714,"3113","311352"
"180320",0.0714285714285714,"3113","311352"
"180400",0.0714285714285714,"3113","311352"
"180500",0.0714285714285714,"3113","311352"
"180610",0.0714285714285714,"3113","311352"
"180620",0.0714285714285714,"3113","311352"
"180631",0.0714285714285714,"3113","311352"
"180632",0.0714285714285714,"3113","311352"
"180690",0.0714285714285714,"3113","311352"
"170111",0.0238095238095238,"3113","311352"
"170112",0.0238095238095238,"3113","311352"
"170113",0.0238095238095238,"3113","311352"
"170114",0.0238095238095238,"3113","311352"
"170191",0.0238095238095238,"3113","311352"
"170199",0.0238095238095238,"3113","311352"
"170290",0.0238095238095238,"3113","311352"
"170310",0.0238095238095238,"3113","311352"
"170390",0.0238095238095238,"3113","311352"
"170410",0.0238095238095238,"3113","311352"
"170490",0.0238095238095238,"3113","311352"
"200600",0.0238095238095238,"3113","311352"
"200830",0.0238095238095238,"3113","311352"
"210690",0.0238095238095238,"3113","311352"
"230320",0.0238095238095238,"3113","311352"
"170410",0.2,"311340","311340"
"170490",0.2,"311340","311340"
"200600",0.2,"311340","311340"
"200830",0.2,"311340","311340"
"210690",0.2,"311340","311340"
"180310",0.111111111111111,"311351","311351"
"180320",0.111111111111111,"311351","311351"
"180400",0.111111111111111,"311351","311351"
"180500",0.111111111111111,"311351","311351"
"180610",0.111111111111111,"311351","311351"
"180620",0.111111111111111,"311351","311351"
"180631",0.111111111111111,"311351","311351"
"180632",0.111111111111111,"311351","311351"
"180690",0.111111111111111,"311351","311351"
"230910",1,"311111","311111"
"121410",0.25,"311119","311119"
"230800",0.25,"311119","311119"
"230890",0.25,"311119","311119"
"230990",0.25,"311119","311119"
"220410",0.0909090909090909,"312130","312130"
"220421",0.0909090909090909,"312130","312130"
"220422",0.0909090909090909,"312130","312130"
"220429",0.0909090909090909,"312130","312130"
"220430",0.0909090909090909,"312130","312130"
"220510",0.0909090909090909,"312130","312130"
"220590",0.0909090909090909,"312130","312130"
"220600",0.0909090909090909,"312130","312130"
"220820",0.0909090909090909,"312130","312130"
"220890",0.0909090909090909,"312130","312130"
"230700",0.0909090909090909,"312130","312130"
"440130",0.0204081632653061,"321999","321999"
"440131",0.0204081632653061,"321999","321999"
"440139",0.0204081632653061,"321999","321999"
"440500",0.0204081632653061,"321999","321999"
"440910",0.0204081632653061,"321999","321999"
"440920",0.0204081632653061,"321999","321999"
"440921",0.0204081632653061,"321999","321999"
"440922",0.0204081632653061,"321999","321999"
"440929",0.0204081632653061,"321999","321999"
"441700",0.0204081632653061,"321999","321999"
"441900",0.0204081632653061,"321999","321999"
"441911",0.0204081632653061,"321999","321999"
"441912",0.0204081632653061,"321999","321999"
"441919",0.0204081632653061,"321999","321999"
"441990",0.0204081632653061,"321999","321999"
"442010",0.0204081632653061,"321999","321999"
"442090",0.0204081632653061,"321999","321999"
"442110",0.0204081632653061,"321999","321999"
"442190",0.0204081632653061,"321999","321999"
"442191",0.0204081632653061,"321999","321999"
"442199",0.0204081632653061,"321999","321999"
"450110",0.0204081632653061,"321999","321999"
"450190",0.0204081632653061,"321999","321999"
"450200",0.0204081632653061,"321999","321999"
"450310",0.0204081632653061,"321999","321999"
"450390",0.0204081632653061,"321999","321999"
"450410",0.0204081632653061,"321999","321999"
"450490",0.0204081632653061,"321999","321999"
"460110",0.0204081632653061,"321999","321999"
"460120",0.0204081632653061,"321999","321999"
"460121",0.0204081632653061,"321999","321999"
"460122",0.0204081632653061,"321999","321999"
"460129",0.0204081632653061,"321999","321999"
"460191",0.0204081632653061,"321999","321999"
"460192",0.0204081632653061,"321999","321999"
"460193",0.0204081632653061,"321999","321999"
"460194",0.0204081632653061,"321999","321999"
"460199",0.0204081632653061,"321999","321999"
"460210",0.0204081632653061,"321999","321999"
"460211",0.0204081632653061,"321999","321999"
"460212",0.0204081632653061,"321999","321999"
"460219",0.0204081632653061,"321999","321999"
"460290",0.0204081632653061,"321999","321999"
"640690",0.0204081632653061,"321999","321999"
"845290",0.0204081632653061,"321999","321999"
"961400",0.0204081632653061,"321999","321999"
"961410",0.0204081632653061,"321999","321999"
"961420",0.0204081632653061,"321999","321999"
"962000",0.0204081632653061,"321999","321999"
"440310",0.333333333333333,"321114","321114"
"440690",0.333333333333333,"321114","321114"
"440710",0.333333333333333,"321114","321114"
"440121",0.0344827586206897,"321113","321113"
"440122",0.0344827586206897,"321113","321113"
"440610",0.0344827586206897,"321113","321113"
"440710",0.0344827586206897,"321113","321113"
"440721",0.0344827586206897,"321113","321113"
"440722",0.0344827586206897,"321113","321113"
"440723",0.0344827586206897,"321113","321113"
"440724",0.0344827586206897,"321113","321113"
"440725",0.0344827586206897,"321113","321113"
"440726",0.0344827586206897,"321113","321113"
"440727",0.0344827586206897,"321113","321113"
"440728",0.0344827586206897,"321113","321113"
"440729",0.0344827586206897,"321113","321113"
"440791",0.0344827586206897,"321113","321113"
"440792",0.0344827586206897,"321113","321113"
"440793",0.0344827586206897,"321113","321113"
"440794",0.0344827586206897,"321113","321113"
"440795",0.0344827586206897,"321113","321113"
"440799",0.0344827586206897,"321113","321113"
"440910",0.0344827586206897,"321113","321113"
"440920",0.0344827586206897,"321113","321113"
"440922",0.0344827586206897,"321113","321113"
"440929",0.0344827586206897,"321113","321113"
"441300",0.0344827586206897,"321113","321113"
"441850",0.0344827586206897,"321113","321113"
"441890",0.0344827586206897,"321113","321113"
"441891",0.0344827586206897,"321113","321113"
"441899",0.0344827586206897,"321113","321113"
"442190",0.0344827586206897,"321113","321113"
"441890",0.2,"321992","321992"
"441891",0.2,"321992","321992"
"441899",0.2,"321992","321992"
"940600",0.2,"321992","321992"
"940610",0.2,"321992","321992"
"440910",0.05,"321918","321918"
"440920",0.05,"321918","321918"
"440921",0.05,"321918","321918"
"440922",0.05,"321918","321918"
"440929",0.05,"321918","321918"
"441231",0.05,"321918","321918"
"441294",0.05,"321918","321918"
"441830",0.05,"321918","321918"
"441871",0.05,"321918","321918"
"441872",0.05,"321918","321918"
"441873",0.05,"321918","321918"
"441874",0.05,"321918","321918"
"441875",0.05,"321918","321918"
"441879",0.05,"321918","321918"
"441890",0.05,"321918","321918"
"441891",0.05,"321918","321918"
"441899",0.05,"321918","321918"
"442190",0.05,"321918","321918"
"442191",0.05,"321918","321918"
"442199",0.05,"321918","321918"
"940190",0.333333333333333,"337215","337215"
"940320",0.333333333333333,"337215","337215"
"940390",0.333333333333333,"337215","337215"
"441890",0.333333333333333,"321214","321214"
"441891",0.333333333333333,"321214","321214"
"441899",0.333333333333333,"321214","321214"
"440920",0.0909090909090909,"321213","321213"
"440921",0.0909090909090909,"321213","321213"
"440929",0.0909090909090909,"321213","321213"
"441840",0.0909090909090909,"321213","321213"
"441860",0.0909090909090909,"321213","321213"
"441890",0.0909090909090909,"321213","321213"
"441891",0.0909090909090909,"321213","321213"
"441899",0.0909090909090909,"321213","321213"
"442190",0.0909090909090909,"321213","321213"
"442191",0.0909090909090909,"321213","321213"
"442199",0.0909090909090909,"321213","321213"
"441810",0.5,"321911","321911"
"441820",0.5,"321911","321911"
"761090",0.5,"321991","321991"
"871610",0.5,"321991","321991"
"480210",0.142857142857143,"322230","322230"
"481022",0.142857142857143,"322230","322230"
"481710",0.142857142857143,"322230","322230"
"481720",0.142857142857143,"322230","322230"
"481730",0.142857142857143,"322230","322230"
"482010",0.142857142857143,"322230","322230"
"482020",0.142857142857143,"322230","322230"
"480258",0.032258064516129,"322130","322130"
"480411",0.032258064516129,"322130","322130"
"480419",0.032258064516129,"322130","322130"
"480439",0.032258064516129,"322130","322130"
"480441",0.032258064516129,"322130","322130"
"480442",0.032258064516129,"322130","322130"
"480449",0.032258064516129,"322130","322130"
"480451",0.032258064516129,"322130","322130"
"480452",0.032258064516129,"322130","322130"
"480459",0.032258064516129,"322130","322130"
"480510",0.032258064516129,"322130","322130"
"480511",0.032258064516129,"322130","322130"
"480512",0.032258064516129,"322130","322130"
"480519",0.032258064516129,"322130","322130"
"480524",0.032258064516129,"322130","322130"
"480525",0.032258064516129,"322130","322130"
"480591",0.032258064516129,"322130","322130"
"480592",0.032258064516129,"322130","322130"
"480593",0.032258064516129,"322130","322130"
"480700",0.032258064516129,"322130","322130"
"481013",0.032258064516129,"322130","322130"
"481014",0.032258064516129,"322130","322130"
"481019",0.032258064516129,"322130","322130"
"481031",0.032258064516129,"322130","322130"
"481032",0.032258064516129,"322130","322130"
"481039",0.032258064516129,"322130","322130"
"481092",0.032258064516129,"322130","322130"
"481099",0.032258064516129,"322130","322130"
"481110",0.032258064516129,"322130","322130"
"481151",0.032258064516129,"322130","322130"
"481159",0.032258064516129,"322130","322130"
"380400",0.0555555555555556,"322110","322110"
"470100",0.0555555555555556,"322110","322110"
"470200",0.0555555555555556,"322110","322110"
"470311",0.0555555555555556,"322110","322110"
"470319",0.0555555555555556,"322110","322110"
"470321",0.0555555555555556,"322110","322110"
"470329",0.0555555555555556,"322110","322110"
"470411",0.0555555555555556,"322110","322110"
"470419",0.0555555555555556,"322110","322110"
"470421",0.0555555555555556,"322110","322110"
"470429",0.0555555555555556,"322110","322110"
"470500",0.0555555555555556,"322110","322110"
"470610",0.0555555555555556,"322110","322110"
"470620",0.0555555555555556,"322110","322110"
"470630",0.0555555555555556,"322110","322110"
"470691",0.0555555555555556,"322110","322110"
"470692",0.0555555555555556,"322110","322110"
"470693",0.0555555555555556,"322110","322110"
"480100",0.166666666666667,"322122","322122"
"480240",0.166666666666667,"322122","322122"
"480260",0.166666666666667,"322122","322122"
"480261",0.166666666666667,"322122","322122"
"480262",0.166666666666667,"322122","322122"
"480269",0.166666666666667,"322122","322122"
"481910",0.142857142857143,"322219","322219"
"481950",0.142857142857143,"322219","322219"
"481960",0.142857142857143,"322219","322219"
"482210",0.142857142857143,"322219","322219"
"482290",0.142857142857143,"322219","322219"
"482361",0.142857142857143,"322219","322219"
"482369",0.142857142857143,"322219","322219"
"480220",0.0120481927710843,"322121","322121"
"480230",0.0120481927710843,"322121","322121"
"480251",0.0120481927710843,"322121","322121"
"480252",0.0120481927710843,"322121","322121"
"480253",0.0120481927710843,"322121","322121"
"480254",0.0120481927710843,"322121","322121"
"480255",0.0120481927710843,"322121","322121"
"480256",0.0120481927710843,"322121","322121"
"480257",0.0120481927710843,"322121","322121"
"480258",0.0120481927710843,"322121","322121"
"480261",0.0120481927710843,"322121","322121"
"480262",0.0120481927710843,"322121","322121"
"480300",0.0120481927710843,"322121","322121"
"480411",0.0120481927710843,"322121","322121"
"480419",0.0120481927710843,"322121","322121"
"480421",0.0120481927710843,"322121","322121"
"480429",0.0120481927710843,"322121","322121"
"480431",0.0120481927710843,"322121","322121"
"480439",0.0120481927710843,"322121","322121"
"480441",0.0120481927710843,"322121","322121"
"480442",0.0120481927710843,"322121","322121"
"480449",0.0120481927710843,"322121","322121"
"480451",0.0120481927710843,"322121","322121"
"480452",0.0120481927710843,"322121","322121"
"480459",0.0120481927710843,"322121","322121"
"480512",0.0120481927710843,"322121","322121"
"480519",0.0120481927710843,"322121","322121"
"480521",0.0120481927710843,"322121","322121"
"480522",0.0120481927710843,"322121","322121"
"480523",0.0120481927710843,"322121","322121"
"480524",0.0120481927710843,"322121","322121"
"480525",0.0120481927710843,"322121","322121"
"480529",0.0120481927710843,"322121","322121"
"480530",0.0120481927710843,"322121","322121"
"480540",0.0120481927710843,"322121","322121"
"480550",0.0120481927710843,"322121","322121"
"480560",0.0120481927710843,"322121","322121"
"480570",0.0120481927710843,"322121","322121"
"480580",0.0120481927710843,"322121","322121"
"480591",0.0120481927710843,"322121","322121"
"480592",0.0120481927710843,"322121","322121"
"480593",0.0120481927710843,"322121","322121"
"480610",0.0120481927710843,"322121","322121"
"480620",0.0120481927710843,"322121","322121"
"480630",0.0120481927710843,"322121","322121"
"480640",0.0120481927710843,"322121","322121"
"480700",0.0120481927710843,"322121","322121"
"480710",0.0120481927710843,"322121","322121"
"480790",0.0120481927710843,"322121","322121"
"480791",0.0120481927710843,"322121","322121"
"480799",0.0120481927710843,"322121","322121"
"480820",0.0120481927710843,"322121","322121"
"480830",0.0120481927710843,"322121","322121"
"480840",0.0120481927710843,"322121","322121"
"480890",0.0120481927710843,"322121","322121"
"480920",0.0120481927710843,"322121","322121"
"481011",0.0120481927710843,"322121","322121"
"481012",0.0120481927710843,"322121","322121"
"481013",0.0120481927710843,"322121","322121"
"481014",0.0120481927710843,"322121","322121"
"481019",0.0120481927710843,"322121","322121"
"481021",0.0120481927710843,"322121","322121"
"481022",0.0120481927710843,"322121","322121"
"481029",0.0120481927710843,"322121","322121"
"481031",0.0120481927710843,"322121","322121"
"481032",0.0120481927710843,"322121","322121"
"481039",0.0120481927710843,"322121","322121"
"481091",0.0120481927710843,"322121","322121"
"481092",0.0120481927710843,"322121","322121"
"481099",0.0120481927710843,"322121","322121"
"481110",0.0120481927710843,"322121","322121"
"481131",0.0120481927710843,"322121","322121"
"481139",0.0120481927710843,"322121","322121"
"481140",0.0120481927710843,"322121","322121"
"481151",0.0120481927710843,"322121","322121"
"481159",0.0120481927710843,"322121","322121"
"481160",0.0120481927710843,"322121","322121"
"481190",0.0120481927710843,"322121","322121"
"481200",0.0120481927710843,"322121","322121"
"481320",0.0120481927710843,"322121","322121"
"481390",0.0120481927710843,"322121","322121"
"482359",0.0120481927710843,"322121","322121"
"640590",0.0120481927710843,"322121","322121"
"930610",0.2,"332992","332992"
"930621",0.2,"332992","332992"
"930629",0.2,"332992","332992"
"930630",0.2,"332992","332992"
"930690",0.2,"332992","332992"
"480810",0.333333333333333,"322211","322211"
"481910",0.333333333333333,"322211","322211"
"481950",0.333333333333333,"322211","322211"
"481810",0.142857142857143,"322291","322291"
"481820",0.142857142857143,"322291","322291"
"481830",0.142857142857143,"322291","322291"
"481840",0.142857142857143,"322291","322291"
"481890",0.142857142857143,"322291","322291"
"621010",0.142857142857143,"322291","322291"
"961900",0.142857142857143,"322291","322291"
"481920",0.333333333333333,"322212","322212"
"481950",0.333333333333333,"322212","322212"
"481960",0.333333333333333,"322212","322212"
"480254",0.04,"322299","322299"
"480255",0.04,"322299","322299"
"480256",0.04,"322299","322299"
"480258",0.04,"322299","322299"
"480261",0.04,"322299","322299"
"480262",0.04,"322299","322299"
"480540",0.04,"322299","322299"
"481013",0.04,"322299","322299"
"481014",0.04,"322299","322299"
"481022",0.04,"322299","322299"
"481029",0.04,"322299","322299"
"481031",0.04,"322299","322299"
"481032",0.04,"322299","322299"
"481039",0.04,"322299","322299"
"481092",0.04,"322299","322299"
"481099",0.04,"322299","322299"
"481310",0.04,"322299","322299"
"481950",0.04,"322299","322299"
"482190",0.04,"322299","322299"
"482320",0.04,"322299","322299"
"482330",0.04,"322299","322299"
"482351",0.04,"322299","322299"
"482370",0.04,"322299","322299"
"482390",0.04,"322299","322299"
"950590",0.04,"322299","322299"
"391810",0.0454545454545455,"322220","322220"
"391890",0.0454545454545455,"322220","322220"
"391910",0.0454545454545455,"322220","322220"
"391990",0.0454545454545455,"322220","322220"
"392321",0.0454545454545455,"322220","322220"
"392329",0.0454545454545455,"322220","322220"
"480530",0.0454545454545455,"322220","322220"
"480591",0.0454545454545455,"322220","322220"
"481099",0.0454545454545455,"322220","322220"
"481110",0.0454545454545455,"322220","322220"
"481141",0.0454545454545455,"322220","322220"
"481149",0.0454545454545455,"322220","322220"
"481151",0.0454545454545455,"322220","322220"
"481159",0.0454545454545455,"322220","322220"
"481160",0.0454545454545455,"322220","322220"
"481190",0.0454545454545455,"322220","322220"
"481420",0.0454545454545455,"322220","322220"
"481490",0.0454545454545455,"322220","322220"
"481930",0.0454545454545455,"322220","322220"
"481940",0.0454545454545455,"322220","322220"
"482190",0.0454545454545455,"322220","322220"
"590500",0.0454545454545455,"322220","322220"
"490110",0.333333333333333,"323120","323120"
"490199",0.333333333333333,"323120","323120"
"844250",0.333333333333333,"323120","323120"
"280800",0.0588235294117647,"325311","325311"
"281410",0.0588235294117647,"325311","325311"
"281420",0.0588235294117647,"325311","325311"
"283610",0.0588235294117647,"325311","325311"
"283699",0.0588235294117647,"325311","325311"
"310000",0.0588235294117647,"325311","325311"
"310100",0.0588235294117647,"325311","325311"
"310210",0.0588235294117647,"325311","325311"
"310221",0.0588235294117647,"325311","325311"
"310229",0.0588235294117647,"325311","325311"
"310230",0.0588235294117647,"325311","325311"
"310240",0.0588235294117647,"325311","325311"
"310250",0.0588235294117647,"325311","325311"
"310260",0.0588235294117647,"325311","325311"
"310270",0.0588235294117647,"325311","325311"
"310280",0.0588235294117647,"325311","325311"
"310290",0.0588235294117647,"325311","325311"
"310000",0.0392156862745098,"3253","325314"
"280800",0.0196078431372549,"3253","325314"
"280920",0.0196078431372549,"3253","325314"
"281410",0.0196078431372549,"3253","325314"
"281420",0.0196078431372549,"3253","325314"
"283529",0.0196078431372549,"3253","325314"
"283610",0.0196078431372549,"3253","325314"
"283699",0.0196078431372549,"3253","325314"
"292630",0.0196078431372549,"3253","325314"
"292690",0.0196078431372549,"3253","325314"
"310100",0.0196078431372549,"3253","325314"
"310210",0.0196078431372549,"3253","325314"
"310221",0.0196078431372549,"3253","325314"
"310229",0.0196078431372549,"3253","325314"
"310230",0.0196078431372549,"3253","325314"
"310240",0.0196078431372549,"3253","325314"
"310250",0.0196078431372549,"3253","325314"
"310260",0.0196078431372549,"3253","325314"
"310270",0.0196078431372549,"3253","325314"
"310280",0.0196078431372549,"3253","325314"
"310290",0.0196078431372549,"3253","325314"
"310310",0.0196078431372549,"3253","325314"
"310311",0.0196078431372549,"3253","325314"
"310319",0.0196078431372549,"3253","325314"
"310390",0.0196078431372549,"3253","325314"
"310420",0.0196078431372549,"3253","325314"
"310430",0.0196078431372549,"3253","325314"
"310490",0.0196078431372549,"3253","325314"
"310510",0.0196078431372549,"3253","325314"
"310520",0.0196078431372549,"3253","325314"
"310530",0.0196078431372549,"3253","325314"
"310540",0.0196078431372549,"3253","325314"
"310551",0.0196078431372549,"3253","325314"
"310559",0.0196078431372549,"3253","325314"
"310560",0.0196078431372549,"3253","325314"
"310590",0.0196078431372549,"3253","325314"
"380810",0.0196078431372549,"3253","325314"
"380820",0.0196078431372549,"3253","325314"
"380830",0.0196078431372549,"3253","325314"
"380850",0.0196078431372549,"3253","325314"
"380852",0.0196078431372549,"3253","325314"
"380859",0.0196078431372549,"3253","325314"
"380861",0.0196078431372549,"3253","325314"
"380862",0.0196078431372549,"3253","325314"
"380869",0.0196078431372549,"3253","325314"
"380890",0.0196078431372549,"3253","325314"
"380891",0.0196078431372549,"3253","325314"
"380892",0.0196078431372549,"3253","325314"
"380893",0.0196078431372549,"3253","325314"
"380899",0.0196078431372549,"3253","325314"
"280920",0.0588235294117647,"325312","325312"
"283529",0.0588235294117647,"325312","325312"
"310310",0.0588235294117647,"325312","325312"
"310311",0.0588235294117647,"325312","325312"
"310319",0.0588235294117647,"325312","325312"
"310390",0.0588235294117647,"325312","325312"
"310420",0.0588235294117647,"325312","325312"
"310430",0.0588235294117647,"325312","325312"
"310490",0.0588235294117647,"325312","325312"
"310510",0.0588235294117647,"325312","325312"
"310520",0.0588235294117647,"325312","325312"
"310530",0.0588235294117647,"325312","325312"
"310540",0.0588235294117647,"325312","325312"
"310551",0.0588235294117647,"325312","325312"
"310559",0.0588235294117647,"325312","325312"
"310560",0.0588235294117647,"325312","325312"
"310590",0.0588235294117647,"325312","325312"
"250300",0.0062111801242236,"325180","325180"
"280110",0.0062111801242236,"325180","325180"
"280120",0.0062111801242236,"325180","325180"
"280130",0.0062111801242236,"325180","325180"
"280200",0.0062111801242236,"325180","325180"
"280300",0.0062111801242236,"325180","325180"
"280470",0.0062111801242236,"325180","325180"
"280480",0.0062111801242236,"325180","325180"
"280511",0.0062111801242236,"325180","325180"
"280512",0.0062111801242236,"325180","325180"
"280519",0.0062111801242236,"325180","325180"
"280530",0.0062111801242236,"325180","325180"
"280540",0.0062111801242236,"325180","325180"
"280610",0.0062111801242236,"325180","325180"
"280620",0.0062111801242236,"325180","325180"
"280700",0.0062111801242236,"325180","325180"
"280800",0.0062111801242236,"325180","325180"
"280910",0.0062111801242236,"325180","325180"
"281000",0.0062111801242236,"325180","325180"
"281111",0.0062111801242236,"325180","325180"
"281112",0.0062111801242236,"325180","325180"
"281119",0.0062111801242236,"325180","325180"
"281122",0.0062111801242236,"325180","325180"
"281129",0.0062111801242236,"325180","325180"
"281210",0.0062111801242236,"325180","325180"
"281211",0.0062111801242236,"325180","325180"
"281212",0.0062111801242236,"325180","325180"
"281213",0.0062111801242236,"325180","325180"
"281214",0.0062111801242236,"325180","325180"
"281215",0.0062111801242236,"325180","325180"
"281216",0.0062111801242236,"325180","325180"
"281217",0.0062111801242236,"325180","325180"
"281219",0.0062111801242236,"325180","325180"
"281290",0.0062111801242236,"325180","325180"
"281310",0.0062111801242236,"325180","325180"
"281390",0.0062111801242236,"325180","325180"
"281511",0.0062111801242236,"325180","325180"
"281512",0.0062111801242236,"325180","325180"
"281520",0.0062111801242236,"325180","325180"
"281530",0.0062111801242236,"325180","325180"
"281610",0.0062111801242236,"325180","325180"
"281640",0.0062111801242236,"325180","325180"
"281700",0.0062111801242236,"325180","325180"
"281830",0.0062111801242236,"325180","325180"
"281910",0.0062111801242236,"325180","325180"
"281990",0.0062111801242236,"325180","325180"
"282010",0.0062111801242236,"325180","325180"
"282090",0.0062111801242236,"325180","325180"
"282110",0.0062111801242236,"325180","325180"
"282200",0.0062111801242236,"325180","325180"
"282510",0.0062111801242236,"325180","325180"
"282520",0.0062111801242236,"325180","325180"
"282530",0.0062111801242236,"325180","325180"
"282540",0.0062111801242236,"325180","325180"
"282550",0.0062111801242236,"325180","325180"
"282560",0.0062111801242236,"325180","325180"
"282570",0.0062111801242236,"325180","325180"
"282590",0.0062111801242236,"325180","325180"
"282612",0.0062111801242236,"325180","325180"
"282619",0.0062111801242236,"325180","325180"
"282630",0.0062111801242236,"325180","325180"
"282690",0.0062111801242236,"325180","325180"
"282710",0.0062111801242236,"325180","325180"
"282720",0.0062111801242236,"325180","325180"
"282731",0.0062111801242236,"325180","325180"
"282732",0.0062111801242236,"325180","325180"
"282735",0.0062111801242236,"325180","325180"
"282739",0.0062111801242236,"325180","325180"
"282741",0.0062111801242236,"325180","325180"
"282749",0.0062111801242236,"325180","325180"
"282751",0.0062111801242236,"325180","325180"
"282759",0.0062111801242236,"325180","325180"
"282760",0.0062111801242236,"325180","325180"
"282810",0.0062111801242236,"325180","325180"
"282890",0.0062111801242236,"325180","325180"
"282911",0.0062111801242236,"325180","325180"
"282919",0.0062111801242236,"325180","325180"
"282990",0.0062111801242236,"325180","325180"
"283010",0.0062111801242236,"325180","325180"
"283090",0.0062111801242236,"325180","325180"
"283110",0.0062111801242236,"325180","325180"
"283190",0.0062111801242236,"325180","325180"
"283210",0.0062111801242236,"325180","325180"
"283220",0.0062111801242236,"325180","325180"
"283230",0.0062111801242236,"325180","325180"
"283311",0.0062111801242236,"325180","325180"
"283319",0.0062111801242236,"325180","325180"
"283321",0.0062111801242236,"325180","325180"
"283322",0.0062111801242236,"325180","325180"
"283324",0.0062111801242236,"325180","325180"
"283325",0.0062111801242236,"325180","325180"
"283327",0.0062111801242236,"325180","325180"
"283329",0.0062111801242236,"325180","325180"
"283330",0.0062111801242236,"325180","325180"
"283340",0.0062111801242236,"325180","325180"
"283410",0.0062111801242236,"325180","325180"
"283421",0.0062111801242236,"325180","325180"
"283429",0.0062111801242236,"325180","325180"
"283510",0.0062111801242236,"325180","325180"
"283522",0.0062111801242236,"325180","325180"
"283524",0.0062111801242236,"325180","325180"
"283525",0.0062111801242236,"325180","325180"
"283526",0.0062111801242236,"325180","325180"
"283529",0.0062111801242236,"325180","325180"
"283531",0.0062111801242236,"325180","325180"
"283539",0.0062111801242236,"325180","325180"
"283620",0.0062111801242236,"325180","325180"
"283630",0.0062111801242236,"325180","325180"
"283640",0.0062111801242236,"325180","325180"
"283650",0.0062111801242236,"325180","325180"
"283660",0.0062111801242236,"325180","325180"
"283691",0.0062111801242236,"325180","325180"
"283692",0.0062111801242236,"325180","325180"
"283699",0.0062111801242236,"325180","325180"
"283711",0.0062111801242236,"325180","325180"
"283719",0.0062111801242236,"325180","325180"
"283720",0.0062111801242236,"325180","325180"
"283911",0.0062111801242236,"325180","325180"
"283919",0.0062111801242236,"325180","325180"
"283990",0.0062111801242236,"325180","325180"
"284011",0.0062111801242236,"325180","325180"
"284019",0.0062111801242236,"325180","325180"
"284020",0.0062111801242236,"325180","325180"
"284030",0.0062111801242236,"325180","325180"
"284130",0.0062111801242236,"325180","325180"
"284150",0.0062111801242236,"325180","325180"
"284161",0.0062111801242236,"325180","325180"
"284169",0.0062111801242236,"325180","325180"
"284170",0.0062111801242236,"325180","325180"
"284180",0.0062111801242236,"325180","325180"
"284190",0.0062111801242236,"325180","325180"
"284210",0.0062111801242236,"325180","325180"
"284290",0.0062111801242236,"325180","325180"
"284310",0.0062111801242236,"325180","325180"
"284321",0.0062111801242236,"325180","325180"
"284329",0.0062111801242236,"325180","325180"
"284330",0.0062111801242236,"325180","325180"
"284390",0.0062111801242236,"325180","325180"
"284410",0.0062111801242236,"325180","325180"
"284420",0.0062111801242236,"325180","325180"
"284430",0.0062111801242236,"325180","325180"
"284440",0.0062111801242236,"325180","325180"
"284450",0.0062111801242236,"325180","325180"
"284510",0.0062111801242236,"325180","325180"
"284590",0.0062111801242236,"325180","325180"
"284610",0.0062111801242236,"325180","325180"
"284690",0.0062111801242236,"325180","325180"
"284700",0.0062111801242236,"325180","325180"
"284800",0.0062111801242236,"325180","325180"
"284910",0.0062111801242236,"325180","325180"
"285000",0.0062111801242236,"325180","325180"
"285210",0.0062111801242236,"325180","325180"
"285290",0.0062111801242236,"325180","325180"
"285300",0.0062111801242236,"325180","325180"
"285310",0.0062111801242236,"325180","325180"
"285390",0.0062111801242236,"325180","325180"
"290331",0.0062111801242236,"325180","325180"
"381511",0.0062111801242236,"325180","325180"
"381512",0.0062111801242236,"325180","325180"
"381519",0.0062111801242236,"325180","325180"
"381590",0.0062111801242236,"325180","325180"
"930690",1,"332993","332993"
"360100",0.25,"325920","325920"
"360200",0.25,"325920","325920"
"360300",0.25,"325920","325920"
"391220",0.25,"325920","325920"
"321410",0.125,"325520","325520"
"321490",0.125,"325520","325520"
"350190",0.125,"325520","325520"
"350300",0.125,"325520","325520"
"350520",0.125,"325520","325520"
"350610",0.125,"325520","325520"
"350691",0.125,"325520","325520"
"350699",0.125,"325520","325520"
"152200",0.0555555555555556,"325613","325613"
"320210",0.0555555555555556,"325613","325613"
"320290",0.0555555555555556,"325613","325613"
"340130",0.0555555555555556,"325613","325613"
"340211",0.0555555555555556,"325613","325613"
"340212",0.0555555555555556,"325613","325613"
"340213",0.0555555555555556,"325613","325613"
"340219",0.0555555555555556,"325613","325613"
"340220",0.0555555555555556,"325613","325613"
"340290",0.0555555555555556,"325613","325613"
"340311",0.0555555555555556,"325613","325613"
"340319",0.0555555555555556,"325613","325613"
"340391",0.0555555555555556,"325613","325613"
"340399",0.0555555555555556,"325613","325613"
"380910",0.0555555555555556,"325613","325613"
"380991",0.0555555555555556,"325613","325613"
"380993",0.0555555555555556,"325613","325613"
"380999",0.0555555555555556,"325613","325613"
"152190",0.0909090909090909,"325612","325612"
"340410",0.0909090909090909,"325612","325612"
"340420",0.0909090909090909,"325612","325612"
"340490",0.0909090909090909,"325612","325612"
"340510",0.0909090909090909,"325612","325612"
"340520",0.0909090909090909,"325612","325612"
"340530",0.0909090909090909,"325612","325612"
"340590",0.0909090909090909,"325612","325612"
"380850",0.0909090909090909,"325612","325612"
"380859",0.0909090909090909,"325612","325612"
"380894",0.0909090909090909,"325612","325612"
"820110",0.0217391304347826,"332216","332216"
"820130",0.0217391304347826,"332216","332216"
"820140",0.0217391304347826,"332216","332216"
"820150",0.0217391304347826,"332216","332216"
"820160",0.0217391304347826,"332216","332216"
"820190",0.0217391304347826,"332216","332216"
"820210",0.0217391304347826,"332216","332216"
"820220",0.0217391304347826,"332216","332216"
"820231",0.0217391304347826,"332216","332216"
"820239",0.0217391304347826,"332216","332216"
"820240",0.0217391304347826,"332216","332216"
"820291",0.0217391304347826,"332216","332216"
"820299",0.0217391304347826,"332216","332216"
"820310",0.0217391304347826,"332216","332216"
"820320",0.0217391304347826,"332216","332216"
"820330",0.0217391304347826,"332216","332216"
"820340",0.0217391304347826,"332216","332216"
"820411",0.0217391304347826,"332216","332216"
"820412",0.0217391304347826,"332216","332216"
"820420",0.0217391304347826,"332216","332216"
"820510",0.0217391304347826,"332216","332216"
"820520",0.0217391304347826,"332216","332216"
"820530",0.0217391304347826,"332216","332216"
"820540",0.0217391304347826,"332216","332216"
"820551",0.0217391304347826,"332216","332216"
"820559",0.0217391304347826,"332216","332216"
"820560",0.0217391304347826,"332216","332216"
"820570",0.0217391304347826,"332216","332216"
"820590",0.0217391304347826,"332216","332216"
"820600",0.0217391304347826,"332216","332216"
"820730",0.0217391304347826,"332216","332216"
"820750",0.0217391304347826,"332216","332216"
"820770",0.0217391304347826,"332216","332216"
"820790",0.0217391304347826,"332216","332216"
"820820",0.0217391304347826,"332216","332216"
"820830",0.0217391304347826,"332216","332216"
"820840",0.0217391304347826,"332216","332216"
"820890",0.0217391304347826,"332216","332216"
"821000",0.0217391304347826,"332216","332216"
"846591",0.0217391304347826,"332216","332216"
"851511",0.0217391304347826,"332216","332216"
"901730",0.0217391304347826,"332216","332216"
"901780",0.0217391304347826,"332216","332216"
"901790",0.0217391304347826,"332216","332216"
"903149",0.0217391304347826,"332216","332216"
"981000",0.0217391304347826,"332216","332216"
"820559",0.0526315789473684,"333991","333991"
"820750",0.0526315789473684,"333991","333991"
"841990",0.0526315789473684,"333991","333991"
"842430",0.0526315789473684,"333991","333991"
"846711",0.0526315789473684,"333991","333991"
"846719",0.0526315789473684,"333991","333991"
"846721",0.0526315789473684,"333991","333991"
"846722",0.0526315789473684,"333991","333991"
"846729",0.0526315789473684,"333991","333991"
"846781",0.0526315789473684,"333991","333991"
"846789",0.0526315789473684,"333991","333991"
"846791",0.0526315789473684,"333991","333991"
"846792",0.0526315789473684,"333991","333991"
"846799",0.0526315789473684,"333991","333991"
"850810",0.0526315789473684,"333991","333991"
"850820",0.0526315789473684,"333991","333991"
"850880",0.0526315789473684,"333991","333991"
"850890",0.0526315789473684,"333991","333991"
"851490",0.0526315789473684,"333991","333991"
"870321",0.0666666666666667,"336111","336111"
"870322",0.0666666666666667,"336111","336111"
"870323",0.0666666666666667,"336111","336111"
"870324",0.0666666666666667,"336111","336111"
"870331",0.0666666666666667,"336111","336111"
"870332",0.0666666666666667,"336111","336111"
"870333",0.0666666666666667,"336111","336111"
"870340",0.0666666666666667,"336111","336111"
"870350",0.0666666666666667,"336111","336111"
"870360",0.0666666666666667,"336111","336111"
"870370",0.0666666666666667,"336111","336111"
"870380",0.0666666666666667,"336111","336111"
"870390",0.0666666666666667,"336111","336111"
"870600",0.0666666666666667,"336111","336111"
"870710",0.0666666666666667,"336111","336111"
"848110",0.2,"332911","332911"
"848130",0.2,"332911","332911"
"848140",0.2,"332911","332911"
"848180",0.2,"332911","332911"
"848190",0.2,"332911","332911"
"820711",0.0666666666666667,"333131","333131"
"820712",0.0666666666666667,"333131","333131"
"820713",0.0666666666666667,"333131","333131"
"820719",0.0666666666666667,"333131","333131"
"842850",0.0666666666666667,"333131","333131"
"842890",0.0666666666666667,"333131","333131"
"843031",0.0666666666666667,"333131","333131"
"843039",0.0666666666666667,"333131","333131"
"843041",0.0666666666666667,"333131","333131"
"843049",0.0666666666666667,"333131","333131"
"843149",0.0666666666666667,"333131","333131"
"846711",0.0666666666666667,"333131","333131"
"847410",0.0666666666666667,"333131","333131"
"847420",0.0666666666666667,"333131","333131"
"847490",0.0666666666666667,"333131","333131"
"820740",0.0909090909090909,"333515","333515"
"820750",0.0909090909090909,"333515","333515"
"820760",0.0909090909090909,"333515","333515"
"820770",0.0909090909090909,"333515","333515"
"820780",0.0909090909090909,"333515","333515"
"820790",0.0909090909090909,"333515","333515"
"820810",0.0909090909090909,"333515","333515"
"820900",0.0909090909090909,"333515","333515"
"846610",0.0909090909090909,"333515","333515"
"846620",0.0909090909090909,"333515","333515"
"846630",0.0909090909090909,"333515","333515"
"841430",0.0476190476190476,"336390","336390"
"841520",0.0476190476190476,"336390","336390"
"841590",0.0476190476190476,"336390","336390"
"842123",0.0476190476190476,"336390","336390"
"842131",0.0476190476190476,"336390","336390"
"842139",0.0476190476190476,"336390","336390"
"848350",0.0476190476190476,"336390","336390"
"851230",0.0476190476190476,"336390","336390"
"870810",0.0476190476190476,"336390","336390"
"870829",0.0476190476190476,"336390","336390"
"870840",0.0476190476190476,"336390","336390"
"870850",0.0476190476190476,"336390","336390"
"870870",0.0476190476190476,"336390","336390"
"870880",0.0476190476190476,"336390","336390"
"870891",0.0476190476190476,"336390","336390"
"870892",0.0476190476190476,"336390","336390"
"870894",0.0476190476190476,"336390","336390"
"870895",0.0476190476190476,"336390","336390"
"870899",0.0476190476190476,"336390","336390"
"871680",0.0476190476190476,"336390","336390"
"871690",0.0476190476190476,"336390","336390"
"841229",0.0144927536231884,"3339","333914"
"841290",0.0144927536231884,"3339","333914"
"841239",0.00966183574879227,"3339","333914"
"841350",0.00966183574879227,"3339","333914"
"841360",0.00966183574879227,"3339","333914"
"841391",0.00966183574879227,"3339","333914"
"841990",0.00966183574879227,"3339","333914"
"842489",0.00966183574879227,"3339","333914"
"842490",0.00966183574879227,"3339","333914"
"842541",0.00966183574879227,"3339","333914"
"842720",0.00966183574879227,"3339","333914"
"842790",0.00966183574879227,"3339","333914"
"842820",0.00966183574879227,"3339","333914"
"842890",0.00966183574879227,"3339","333914"
"843131",0.00966183574879227,"3339","333914"
"846719",0.00966183574879227,"3339","333914"
"846792",0.00966183574879227,"3339","333914"
"847989",0.00966183574879227,"3339","333914"
"851490",0.00966183574879227,"3339","333914"
"851580",0.00966183574879227,"3339","333914"
"903190",0.00966183574879227,"3339","333914"
"820559",0.00483091787439614,"3339","333914"
"820750",0.00483091787439614,"3339","333914"
"830230",0.00483091787439614,"3339","333914"
"830242",0.00483091787439614,"3339","333914"
"830249",0.00483091787439614,"3339","333914"
"831110",0.00483091787439614,"3339","333914"
"831120",0.00483091787439614,"3339","333914"
"831130",0.00483091787439614,"3339","333914"
"831190",0.00483091787439614,"3339","333914"
"840120",0.00483091787439614,"3339","333914"
"840130",0.00483091787439614,"3339","333914"
"840510",0.00483091787439614,"3339","333914"
"840590",0.00483091787439614,"3339","333914"
"841221",0.00483091787439614,"3339","333914"
"841231",0.00483091787439614,"3339","333914"
"841280",0.00483091787439614,"3339","333914"
"841311",0.00483091787439614,"3339","333914"
"841319",0.00483091787439614,"3339","333914"
"841320",0.00483091787439614,"3339","333914"
"841370",0.00483091787439614,"3339","333914"
"841381",0.00483091787439614,"3339","333914"
"841382",0.00483091787439614,"3339","333914"
"841392",0.00483091787439614,"3339","333914"
"841410",0.00483091787439614,"3339","333914"
"841420",0.00483091787439614,"3339","333914"
"841440",0.00483091787439614,"3339","333914"
"841480",0.00483091787439614,"3339","333914"
"841490",0.00483091787439614,"3339","333914"
"841710",0.00483091787439614,"3339","333914"
"841780",0.00483091787439614,"3339","333914"
"841790",0.00483091787439614,"3339","333914"
"841932",0.00483091787439614,"3339","333914"
"841939",0.00483091787439614,"3339","333914"
"841940",0.00483091787439614,"3339","333914"
"841960",0.00483091787439614,"3339","333914"
"841989",0.00483091787439614,"3339","333914"
"842010",0.00483091787439614,"3339","333914"
"842119",0.00483091787439614,"3339","333914"
"842121",0.00483091787439614,"3339","333914"
"842122",0.00483091787439614,"3339","333914"
"842129",0.00483091787439614,"3339","333914"
"842139",0.00483091787439614,"3339","333914"
"842191",0.00483091787439614,"3339","333914"
"842199",0.00483091787439614,"3339","333914"
"842220",0.00483091787439614,"3339","333914"
"842230",0.00483091787439614,"3339","333914"
"842240",0.00483091787439614,"3339","333914"
"842290",0.00483091787439614,"3339","333914"
"842310",0.00483091787439614,"3339","333914"
"842320",0.00483091787439614,"3339","333914"
"842330",0.00483091787439614,"3339","333914"
"842381",0.00483091787439614,"3339","333914"
"842382",0.00483091787439614,"3339","333914"
"842389",0.00483091787439614,"3339","333914"
"842390",0.00483091787439614,"3339","333914"
"842420",0.00483091787439614,"3339","333914"
"842430",0.00483091787439614,"3339","333914"
"842511",0.00483091787439614,"3339","333914"
"842519",0.00483091787439614,"3339","333914"
"842520",0.00483091787439614,"3339","333914"
"842531",0.00483091787439614,"3339","333914"
"842539",0.00483091787439614,"3339","333914"
"842542",0.00483091787439614,"3339","333914"
"842549",0.00483091787439614,"3339","333914"
"842611",0.00483091787439614,"3339","333914"
"842612",0.00483091787439614,"3339","333914"
"842619",0.00483091787439614,"3339","333914"
"842641",0.00483091787439614,"3339","333914"
"842710",0.00483091787439614,"3339","333914"
"842810",0.00483091787439614,"3339","333914"
"842831",0.00483091787439614,"3339","333914"
"842832",0.00483091787439614,"3339","333914"
"842833",0.00483091787439614,"3339","333914"
"842839",0.00483091787439614,"3339","333914"
"842840",0.00483091787439614,"3339","333914"
"842860",0.00483091787439614,"3339","333914"
"843110",0.00483091787439614,"3339","333914"
"843120",0.00483091787439614,"3339","333914"
"843139",0.00483091787439614,"3339","333914"
"843149",0.00483091787439614,"3339","333914"
"843850",0.00483091787439614,"3339","333914"
"844339",0.00483091787439614,"3339","333914"
"844399",0.00483091787439614,"3339","333914"
"845210",0.00483091787439614,"3339","333914"
"845221",0.00483091787439614,"3339","333914"
"845229",0.00483091787439614,"3339","333914"
"845290",0.00483091787439614,"3339","333914"
"845310",0.00483091787439614,"3339","333914"
"845320",0.00483091787439614,"3339","333914"
"845380",0.00483091787439614,"3339","333914"
"845390",0.00483091787439614,"3339","333914"
"845630",0.00483091787439614,"3339","333914"
"845690",0.00483091787439614,"3339","333914"
"845699",0.00483091787439614,"3339","333914"
"846410",0.00483091787439614,"3339","333914"
"846420",0.00483091787439614,"3339","333914"
"846490",0.00483091787439614,"3339","333914"
"846510",0.00483091787439614,"3339","333914"
"846591",0.00483091787439614,"3339","333914"
"846592",0.00483091787439614,"3339","333914"
"846593",0.00483091787439614,"3339","333914"
"846594",0.00483091787439614,"3339","333914"
"846595",0.00483091787439614,"3339","333914"
"846596",0.00483091787439614,"3339","333914"
"846599",0.00483091787439614,"3339","333914"
"846691",0.00483091787439614,"3339","333914"
"846692",0.00483091787439614,"3339","333914"
"846693",0.00483091787439614,"3339","333914"
"846711",0.00483091787439614,"3339","333914"
"846721",0.00483091787439614,"3339","333914"
"846722",0.00483091787439614,"3339","333914"
"846729",0.00483091787439614,"3339","333914"
"846781",0.00483091787439614,"3339","333914"
"846789",0.00483091787439614,"3339","333914"
"846791",0.00483091787439614,"3339","333914"
"846799",0.00483091787439614,"3339","333914"
"846810",0.00483091787439614,"3339","333914"
"846820",0.00483091787439614,"3339","333914"
"846880",0.00483091787439614,"3339","333914"
"846890",0.00483091787439614,"3339","333914"
"847439",0.00483091787439614,"3339","333914"
"847480",0.00483091787439614,"3339","333914"
"847490",0.00483091787439614,"3339","333914"
"847510",0.00483091787439614,"3339","333914"
"847520",0.00483091787439614,"3339","333914"
"847521",0.00483091787439614,"3339","333914"
"847529",0.00483091787439614,"3339","333914"
"847590",0.00483091787439614,"3339","333914"
"847810",0.00483091787439614,"3339","333914"
"847890",0.00483091787439614,"3339","333914"
"847950",0.00483091787439614,"3339","333914"
"847982",0.00483091787439614,"3339","333914"
"847990",0.00483091787439614,"3339","333914"
"848180",0.00483091787439614,"3339","333914"
"848510",0.00483091787439614,"3339","333914"
"848590",0.00483091787439614,"3339","333914"
"848710",0.00483091787439614,"3339","333914"
"848790",0.00483091787439614,"3339","333914"
"850810",0.00483091787439614,"3339","333914"
"850820",0.00483091787439614,"3339","333914"
"850880",0.00483091787439614,"3339","333914"
"850890",0.00483091787439614,"3339","333914"
"851410",0.00483091787439614,"3339","333914"
"851420",0.00483091787439614,"3339","333914"
"851430",0.00483091787439614,"3339","333914"
"851440",0.00483091787439614,"3339","333914"
"851519",0.00483091787439614,"3339","333914"
"851521",0.00483091787439614,"3339","333914"
"851529",0.00483091787439614,"3339","333914"
"851531",0.00483091787439614,"3339","333914"
"851539",0.00483091787439614,"3339","333914"
"851590",0.00483091787439614,"3339","333914"
"854330",0.00483091787439614,"3339","333914"
"854370",0.00483091787439614,"3339","333914"
"854390",0.00483091787439614,"3339","333914"
"870510",0.00483091787439614,"3339","333914"
"870911",0.00483091787439614,"3339","333914"
"870919",0.00483091787439614,"3339","333914"
"870990",0.00483091787439614,"3339","333914"
"871639",0.00483091787439614,"3339","333914"
"871680",0.00483091787439614,"3339","333914"
"901600",0.00483091787439614,"3339","333914"
"903110",0.00483091787439614,"3339","333914"
"721710",0.0434782608695652,"331222","331222"
"721711",0.0434782608695652,"331222","331222"
"721712",0.0434782608695652,"331222","331222"
"721713",0.0434782608695652,"331222","331222"
"721719",0.0434782608695652,"331222","331222"
"721720",0.0434782608695652,"331222","331222"
"721721",0.0434782608695652,"331222","331222"
"721722",0.0434782608695652,"331222","331222"
"721723",0.0434782608695652,"331222","331222"
"721729",0.0434782608695652,"331222","331222"
"721730",0.0434782608695652,"331222","331222"
"721731",0.0434782608695652,"331222","331222"
"721732",0.0434782608695652,"331222","331222"
"721733",0.0434782608695652,"331222","331222"
"721739",0.0434782608695652,"331222","331222"
"721790",0.0434782608695652,"331222","331222"
"722300",0.0434782608695652,"331222","331222"
"722910",0.0434782608695652,"331222","331222"
"722920",0.0434782608695652,"331222","331222"
"722990",0.0434782608695652,"331222","331222"
"731700",0.0434782608695652,"331222","331222"
"732690",0.0434782608695652,"331222","331222"
"830520",0.0434782608695652,"331222","331222"
"870323",0.142857142857143,"336213","336213"
"870324",0.142857142857143,"336213","336213"
"870333",0.142857142857143,"336213","336213"
"870340",0.142857142857143,"336213","336213"
"870350",0.142857142857143,"336213","336213"
"870360",0.142857142857143,"336213","336213"
"870370",0.142857142857143,"336213","336213"
"841932",0.0344827586206897,"333243","333243"
"841989",0.0344827586206897,"333243","333243"
"841990",0.0344827586206897,"333243","333243"
"842010",0.0344827586206897,"333243","333243"
"842091",0.0344827586206897,"333243","333243"
"842099",0.0344827586206897,"333243","333243"
"843910",0.0344827586206897,"333243","333243"
"843920",0.0344827586206897,"333243","333243"
"843930",0.0344827586206897,"333243","333243"
"843991",0.0344827586206897,"333243","333243"
"843999",0.0344827586206897,"333243","333243"
"844110",0.0344827586206897,"333243","333243"
"844120",0.0344827586206897,"333243","333243"
"844130",0.0344827586206897,"333243","333243"
"844140",0.0344827586206897,"333243","333243"
"844180",0.0344827586206897,"333243","333243"
"844190",0.0344827586206897,"333243","333243"
"846510",0.0344827586206897,"333243","333243"
"846591",0.0344827586206897,"333243","333243"
"846592",0.0344827586206897,"333243","333243"
"846593",0.0344827586206897,"333243","333243"
"846594",0.0344827586206897,"333243","333243"
"846595",0.0344827586206897,"333243","333243"
"846596",0.0344827586206897,"333243","333243"
"846599",0.0344827586206897,"333243","333243"
"846630",0.0344827586206897,"333243","333243"
"846692",0.0344827586206897,"333243","333243"
"847930",0.0344827586206897,"333243","333243"
"847990",0.0344827586206897,"333243","333243"
"842890",0.166666666666667,"333132","333132"
"843049",0.166666666666667,"333132","333132"
"843139",0.166666666666667,"333132","333132"
"843143",0.166666666666667,"333132","333132"
"847989",0.166666666666667,"333132","333132"
"870520",0.166666666666667,"333132","333132"
"400912",0.0714285714285714,"336340","336340"
"400922",0.0714285714285714,"336340","336340"
"400932",0.0714285714285714,"336340","336340"
"400942",0.0714285714285714,"336340","336340"
"400950",0.0714285714285714,"336340","336340"
"681310",0.0714285714285714,"336340","336340"
"681320",0.0714285714285714,"336340","336340"
"681381",0.0714285714285714,"336340","336340"
"681389",0.0714285714285714,"336340","336340"
"681390",0.0714285714285714,"336340","336340"
"870830",0.0714285714285714,"336340","336340"
"870831",0.0714285714285714,"336340","336340"
"870839",0.0714285714285714,"336340","336340"
"870899",0.0714285714285714,"336340","336340"
"870310",0.333333333333333,"336999","336999"
"870321",0.333333333333333,"336999","336999"
"871680",0.333333333333333,"336999","336999"
"870840",0.25,"336330","336330"
"870880",0.25,"336330","336330"
"870894",0.25,"336330","336330"
"870899",0.25,"336330","336330"
"841280",0.0136986301369863,"333111","333111"
"841290",0.0136986301369863,"333111","333111"
"841931",0.0136986301369863,"333111","333111"
"842111",0.0136986301369863,"333111","333111"
"842441",0.0136986301369863,"333111","333111"
"842449",0.0136986301369863,"333111","333111"
"842481",0.0136986301369863,"333111","333111"
"842482",0.0136986301369863,"333111","333111"
"843020",0.0136986301369863,"333111","333111"
"843210",0.0136986301369863,"333111","333111"
"843221",0.0136986301369863,"333111","333111"
"843229",0.0136986301369863,"333111","333111"
"843230",0.0136986301369863,"333111","333111"
"843231",0.0136986301369863,"333111","333111"
"843239",0.0136986301369863,"333111","333111"
"843240",0.0136986301369863,"333111","333111"
"843241",0.0136986301369863,"333111","333111"
"843242",0.0136986301369863,"333111","333111"
"843280",0.0136986301369863,"333111","333111"
"843290",0.0136986301369863,"333111","333111"
"843311",0.0136986301369863,"333111","333111"
"843319",0.0136986301369863,"333111","333111"
"843320",0.0136986301369863,"333111","333111"
"843330",0.0136986301369863,"333111","333111"
"843340",0.0136986301369863,"333111","333111"
"843351",0.0136986301369863,"333111","333111"
"843352",0.0136986301369863,"333111","333111"
"843353",0.0136986301369863,"333111","333111"
"843359",0.0136986301369863,"333111","333111"
"843360",0.0136986301369863,"333111","333111"
"843390",0.0136986301369863,"333111","333111"
"843410",0.0136986301369863,"333111","333111"
"843490",0.0136986301369863,"333111","333111"
"843610",0.0136986301369863,"333111","333111"
"843621",0.0136986301369863,"333111","333111"
"843629",0.0136986301369863,"333111","333111"
"843680",0.0136986301369863,"333111","333111"
"843691",0.0136986301369863,"333111","333111"
"843699",0.0136986301369863,"333111","333111"
"844519",0.0136986301369863,"333111","333111"
"844832",0.0136986301369863,"333111","333111"
"846729",0.0136986301369863,"333111","333111"
"846789",0.0136986301369863,"333111","333111"
"846799",0.0136986301369863,"333111","333111"
"850880",0.0136986301369863,"333111","333111"
"851020",0.0136986301369863,"333111","333111"
"851090",0.0136986301369863,"333111","333111"
"870110",0.0136986301369863,"333111","333111"
"870190",0.0136986301369863,"333111","333111"
"870191",0.0136986301369863,"333111","333111"
"870192",0.0136986301369863,"333111","333111"
"870193",0.0136986301369863,"333111","333111"
"870194",0.0136986301369863,"333111","333111"
"870195",0.0136986301369863,"333111","333111"
"870600",0.0136986301369863,"333111","333111"
"870790",0.0136986301369863,"333111","333111"
"870830",0.0136986301369863,"333111","333111"
"870831",0.0136986301369863,"333111","333111"
"870839",0.0136986301369863,"333111","333111"
"870840",0.0136986301369863,"333111","333111"
"870850",0.0136986301369863,"333111","333111"
"870860",0.0136986301369863,"333111","333111"
"870870",0.0136986301369863,"333111","333111"
"870880",0.0136986301369863,"333111","333111"
"870891",0.0136986301369863,"333111","333111"
"870892",0.0136986301369863,"333111","333111"
"870893",0.0136986301369863,"333111","333111"
"870894",0.0136986301369863,"333111","333111"
"870895",0.0136986301369863,"333111","333111"
"870899",0.0136986301369863,"333111","333111"
"871680",0.0136986301369863,"333111","333111"
"871690",0.0136986301369863,"333111","333111"
"981700",0.0136986301369863,"333111","333111"
"830110",0.0555555555555556,"332510","332510"
"830120",0.0555555555555556,"332510","332510"
"830130",0.0555555555555556,"332510","332510"
"830140",0.0555555555555556,"332510","332510"
"830150",0.0555555555555556,"332510","332510"
"830160",0.0555555555555556,"332510","332510"
"830170",0.0555555555555556,"332510","332510"
"830210",0.0555555555555556,"332510","332510"
"830220",0.0555555555555556,"332510","332510"
"830230",0.0555555555555556,"332510","332510"
"830241",0.0555555555555556,"332510","332510"
"830242",0.0555555555555556,"332510","332510"
"830249",0.0555555555555556,"332510","332510"
"830260",0.0555555555555556,"332510","332510"
"848350",0.0555555555555556,"332510","332510"
"871690",0.0555555555555556,"332510","332510"
"901380",0.0555555555555556,"332510","332510"
"910690",0.0555555555555556,"332510","332510"
"870324",0.111111111111111,"336112","336112"
"870333",0.111111111111111,"336112","336112"
"870340",0.111111111111111,"336112","336112"
"870350",0.111111111111111,"336112","336112"
"870360",0.111111111111111,"336112","336112"
"870370",0.111111111111111,"336112","336112"
"870421",0.111111111111111,"336112","336112"
"870431",0.111111111111111,"336112","336112"
"870600",0.111111111111111,"336112","336112"
"842541",0.166666666666667,"333921","333921"
"842810",0.166666666666667,"333921","333921"
"842820",0.166666666666667,"333921","333921"
"842840",0.166666666666667,"333921","333921"
"842860",0.166666666666667,"333921","333921"
"843131",0.166666666666667,"333921","333921"
"870600",0.2,"336211","336211"
"870710",0.2,"336211","336211"
"870790",0.2,"336211","336211"
"870829",0.2,"336211","336211"
"870870",0.2,"336211","336211"
"870120",0.0666666666666667,"336120","336120"
"870210",0.0666666666666667,"336120","336120"
"870220",0.0666666666666667,"336120","336120"
"870230",0.0666666666666667,"336120","336120"
"870240",0.0666666666666667,"336120","336120"
"870290",0.0666666666666667,"336120","336120"
"870421",0.0666666666666667,"336120","336120"
"870422",0.0666666666666667,"336120","336120"
"870431",0.0666666666666667,"336120","336120"
"870432",0.0666666666666667,"336120","336120"
"870490",0.0666666666666667,"336120","336120"
"870530",0.0666666666666667,"336120","336120"
"870540",0.0666666666666667,"336120","336120"
"870590",0.0666666666666667,"336120","336120"
"870600",0.0666666666666667,"336120","336120"
"842820",0.166666666666667,"333922","333922"
"842831",0.166666666666667,"333922","333922"
"842832",0.166666666666667,"333922","333922"
"842833",0.166666666666667,"333922","333922"
"842839",0.166666666666667,"333922","333922"
"843139",0.166666666666667,"333922","333922"
"845420",0.0833333333333333,"333511","333511"
"845610",0.0833333333333333,"333511","333511"
"845611",0.0833333333333333,"333511","333511"
"845612",0.0833333333333333,"333511","333511"
"848010",0.0833333333333333,"333511","333511"
"848020",0.0833333333333333,"333511","333511"
"848041",0.0833333333333333,"333511","333511"
"848049",0.0833333333333333,"333511","333511"
"848050",0.0833333333333333,"333511","333511"
"848060",0.0833333333333333,"333511","333511"
"848071",0.0833333333333333,"333511","333511"
"848079",0.0833333333333333,"333511","333511"
"840732",0.0909090909090909,"336310","336310"
"840733",0.0909090909090909,"336310","336310"
"840734",0.0909090909090909,"336310","336310"
"840991",0.0909090909090909,"336310","336310"
"841330",0.0909090909090909,"336310","336310"
"841391",0.0909090909090909,"336310","336310"
"841459",0.0909090909090909,"336310","336310"
"841480",0.0909090909090909,"336310","336310"
"848310",0.0909090909090909,"336310","336310"
"848330",0.0909090909090909,"336310","336310"
"848350",0.0909090909090909,"336310","336310"
"841340",0.0153846153846154,"333120","333120"
"842620",0.0153846153846154,"333120","333120"
"842630",0.0153846153846154,"333120","333120"
"842641",0.0153846153846154,"333120","333120"
"842649",0.0153846153846154,"333120","333120"
"842691",0.0153846153846154,"333120","333120"
"842699",0.0153846153846154,"333120","333120"
"842890",0.0153846153846154,"333120","333120"
"842911",0.0153846153846154,"333120","333120"
"842919",0.0153846153846154,"333120","333120"
"842920",0.0153846153846154,"333120","333120"
"842930",0.0153846153846154,"333120","333120"
"842940",0.0153846153846154,"333120","333120"
"842951",0.0153846153846154,"333120","333120"
"842952",0.0153846153846154,"333120","333120"
"842959",0.0153846153846154,"333120","333120"
"843010",0.0153846153846154,"333120","333120"
"843020",0.0153846153846154,"333120","333120"
"843049",0.0153846153846154,"333120","333120"
"843050",0.0153846153846154,"333120","333120"
"843061",0.0153846153846154,"333120","333120"
"843062",0.0153846153846154,"333120","333120"
"843069",0.0153846153846154,"333120","333120"
"843110",0.0153846153846154,"333120","333120"
"843139",0.0153846153846154,"333120","333120"
"843141",0.0153846153846154,"333120","333120"
"843142",0.0153846153846154,"333120","333120"
"843143",0.0153846153846154,"333120","333120"
"843149",0.0153846153846154,"333120","333120"
"843680",0.0153846153846154,"333120","333120"
"843699",0.0153846153846154,"333120","333120"
"846719",0.0153846153846154,"333120","333120"
"847410",0.0153846153846154,"333120","333120"
"847420",0.0153846153846154,"333120","333120"
"847431",0.0153846153846154,"333120","333120"
"847432",0.0153846153846154,"333120","333120"
"847439",0.0153846153846154,"333120","333120"
"847490",0.0153846153846154,"333120","333120"
"847910",0.0153846153846154,"333120","333120"
"847971",0.0153846153846154,"333120","333120"
"847979",0.0153846153846154,"333120","333120"
"847989",0.0153846153846154,"333120","333120"
"847990",0.0153846153846154,"333120","333120"
"870130",0.0153846153846154,"333120","333120"
"870190",0.0153846153846154,"333120","333120"
"870191",0.0153846153846154,"333120","333120"
"870192",0.0153846153846154,"333120","333120"
"870193",0.0153846153846154,"333120","333120"
"870194",0.0153846153846154,"333120","333120"
"870195",0.0153846153846154,"333120","333120"
"870410",0.0153846153846154,"333120","333120"
"870423",0.0153846153846154,"333120","333120"
"870510",0.0153846153846154,"333120","333120"
"870600",0.0153846153846154,"333120","333120"
"870790",0.0153846153846154,"333120","333120"
"870840",0.0153846153846154,"333120","333120"
"870850",0.0153846153846154,"333120","333120"
"870860",0.0153846153846154,"333120","333120"
"870870",0.0153846153846154,"333120","333120"
"870880",0.0153846153846154,"333120","333120"
"870891",0.0153846153846154,"333120","333120"
"870892",0.0153846153846154,"333120","333120"
"870894",0.0153846153846154,"333120","333120"
"870895",0.0153846153846154,"333120","333120"
"870899",0.0153846153846154,"333120","333120"
"841459",0.0588235294117647,"336320","336320"
"851110",0.0588235294117647,"336320","336320"
"851120",0.0588235294117647,"336320","336320"
"851130",0.0588235294117647,"336320","336320"
"851140",0.0588235294117647,"336320","336320"
"851150",0.0588235294117647,"336320","336320"
"851180",0.0588235294117647,"336320","336320"
"851190",0.0588235294117647,"336320","336320"
"851210",0.0588235294117647,"336320","336320"
"851220",0.0588235294117647,"336320","336320"
"851240",0.0588235294117647,"336320","336320"
"851290",0.0588235294117647,"336320","336320"
"853641",0.0588235294117647,"336320","336320"
"853910",0.0588235294117647,"336320","336320"
"854430",0.0588235294117647,"336320","336320"
"903289",0.0588235294117647,"336320","336320"
"903290",0.0588235294117647,"336320","336320"
"843020",0.142857142857143,"333112","333112"
"843311",0.142857142857143,"333112","333112"
"843319",0.142857142857143,"333112","333112"
"843390",0.142857142857143,"333112","333112"
"846729",0.142857142857143,"333112","333112"
"846789",0.142857142857143,"333112","333112"
"846799",0.142857142857143,"333112","333112"
"842612",0.0769230769230769,"333924","333924"
"842641",0.0769230769230769,"333924","333924"
"842710",0.0769230769230769,"333924","333924"
"842720",0.0769230769230769,"333924","333924"
"842790",0.0769230769230769,"333924","333924"
"843120",0.0769230769230769,"333924","333924"
"843149",0.0769230769230769,"333924","333924"
"870510",0.0769230769230769,"333924","333924"
"870911",0.0769230769230769,"333924","333924"
"870919",0.0769230769230769,"333924","333924"
"870990",0.0769230769230769,"333924","333924"
"871639",0.0769230769230769,"333924","333924"
"871680",0.0769230769230769,"333924","333924"
"830910",0.285714285714286,"3321","332117"
"830990",0.285714285714286,"3321","332117"
"761699",0.142857142857143,"3321","332117"
"820590",0.142857142857143,"3321","332117"
"870840",0.142857142857143,"3321","332117"
"761699",1,"332112","332112"
"830910",0.285714285714286,"3321","332114"
"830990",0.285714285714286,"3321","332114"
"761699",0.142857142857143,"3321","332114"
"820590",0.142857142857143,"3321","332114"
"870840",0.142857142857143,"3321","332114"
"820590",0.5,"332111","332111"
"870840",0.5,"332111","332111"
"870810",0.5,"336370","336370"
"870829",0.5,"336370","336370"
"732090",0.0144927536231884,"334519","334519"
"901510",0.0144927536231884,"334519","334519"
"901520",0.0144927536231884,"334519","334519"
"901530",0.0144927536231884,"334519","334519"
"901540",0.0144927536231884,"334519","334519"
"901580",0.0144927536231884,"334519","334519"
"901590",0.0144927536231884,"334519","334519"
"901600",0.0144927536231884,"334519","334519"
"901710",0.0144927536231884,"334519","334519"
"901720",0.0144927536231884,"334519","334519"
"901790",0.0144927536231884,"334519","334519"
"902410",0.0144927536231884,"334519","334519"
"902480",0.0144927536231884,"334519","334519"
"902490",0.0144927536231884,"334519","334519"
"902511",0.0144927536231884,"334519","334519"
"902520",0.0144927536231884,"334519","334519"
"902580",0.0144927536231884,"334519","334519"
"902590",0.0144927536231884,"334519","334519"
"902780",0.0144927536231884,"334519","334519"
"902790",0.0144927536231884,"334519","334519"
"903010",0.0144927536231884,"334519","334519"
"903090",0.0144927536231884,"334519","334519"
"910111",0.0144927536231884,"334519","334519"
"910119",0.0144927536231884,"334519","334519"
"910121",0.0144927536231884,"334519","334519"
"910129",0.0144927536231884,"334519","334519"
"910191",0.0144927536231884,"334519","334519"
"910199",0.0144927536231884,"334519","334519"
"910211",0.0144927536231884,"334519","334519"
"910212",0.0144927536231884,"334519","334519"
"910219",0.0144927536231884,"334519","334519"
"910221",0.0144927536231884,"334519","334519"
"910229",0.0144927536231884,"334519","334519"
"910291",0.0144927536231884,"334519","334519"
"910299",0.0144927536231884,"334519","334519"
"910310",0.0144927536231884,"334519","334519"
"910390",0.0144927536231884,"334519","334519"
"910400",0.0144927536231884,"334519","334519"
"910511",0.0144927536231884,"334519","334519"
"910519",0.0144927536231884,"334519","334519"
"910521",0.0144927536231884,"334519","334519"
"910529",0.0144927536231884,"334519","334519"
"910591",0.0144927536231884,"334519","334519"
"910599",0.0144927536231884,"334519","334519"
"910610",0.0144927536231884,"334519","334519"
"910690",0.0144927536231884,"334519","334519"
"910811",0.0144927536231884,"334519","334519"
"910812",0.0144927536231884,"334519","334519"
"910819",0.0144927536231884,"334519","334519"
"910820",0.0144927536231884,"334519","334519"
"910890",0.0144927536231884,"334519","334519"
"910910",0.0144927536231884,"334519","334519"
"910990",0.0144927536231884,"334519","334519"
"911011",0.0144927536231884,"334519","334519"
"911012",0.0144927536231884,"334519","334519"
"911019",0.0144927536231884,"334519","334519"
"911090",0.0144927536231884,"334519","334519"
"911110",0.0144927536231884,"334519","334519"
"911120",0.0144927536231884,"334519","334519"
"911180",0.0144927536231884,"334519","334519"
"911190",0.0144927536231884,"334519","334519"
"911220",0.0144927536231884,"334519","334519"
"911290",0.0144927536231884,"334519","334519"
"911410",0.0144927536231884,"334519","334519"
"911430",0.0144927536231884,"334519","334519"
"911440",0.0144927536231884,"334519","334519"
"911490",0.0144927536231884,"334519","334519"
"940290",0.0144927536231884,"334519","334519"
"962000",0.0144927536231884,"334519","334519"
"851230",0.0714285714285714,"334511","334511"
"852610",0.0714285714285714,"334511","334511"
"852691",0.0714285714285714,"334511","334511"
"852692",0.0714285714285714,"334511","334511"
"852990",0.0714285714285714,"334511","334511"
"853180",0.0714285714285714,"334511","334511"
"854370",0.0714285714285714,"334511","334511"
"854389",0.0714285714285714,"334511","334511"
"854390",0.0714285714285714,"334511","334511"
"901410",0.0714285714285714,"334511","334511"
"901420",0.0714285714285714,"334511","334511"
"901480",0.0714285714285714,"334511","334511"
"901490",0.0714285714285714,"334511","334511"
"902920",0.0714285714285714,"334511","334511"
"902810",0.125,"334514","334514"
"902820",0.125,"334514","334514"
"902890",0.125,"334514","334514"
"902910",0.125,"334514","334514"
"902920",0.125,"334514","334514"
"902990",0.125,"334514","334514"
"910620",0.125,"334514","334514"
"910690",0.125,"334514","334514"
"854320",0.05,"334515","334515"
"902830",0.05,"334515","334515"
"902890",0.05,"334515","334515"
"902920",0.05,"334515","334515"
"902990",0.05,"334515","334515"
"903020",0.05,"334515","334515"
"903031",0.05,"334515","334515"
"903032",0.05,"334515","334515"
"903033",0.05,"334515","334515"
"903039",0.05,"334515","334515"
"903040",0.05,"334515","334515"
"903081",0.05,"334515","334515"
"903082",0.05,"334515","334515"
"903083",0.05,"334515","334515"
"903084",0.05,"334515","334515"
"903089",0.05,"334515","334515"
"903090",0.05,"334515","334515"
"903120",0.05,"334515","334515"
"903180",0.05,"334515","334515"
"903190",0.05,"334515","334515"
"901210",0.0909090909090909,"334516","334516"
"901290",0.0909090909090909,"334516","334516"
"902710",0.0909090909090909,"334516","334516"
"902720",0.0909090909090909,"334516","334516"
"902730",0.0909090909090909,"334516","334516"
"902750",0.0909090909090909,"334516","334516"
"902780",0.0909090909090909,"334516","334516"
"902790",0.0909090909090909,"334516","334516"
"903180",0.0909090909090909,"334516","334516"
"903190",0.0909090909090909,"334516","334516"
"981000",0.0909090909090909,"334516","334516"
"853120",0.0769230769230769,"334513","334513"
"853180",0.0769230769230769,"334513","334513"
"902519",0.0769230769230769,"334513","334513"
"902610",0.0769230769230769,"334513","334513"
"902620",0.0769230769230769,"334513","334513"
"902680",0.0769230769230769,"334513","334513"
"902690",0.0769230769230769,"334513","334513"
"902920",0.0769230769230769,"334513","334513"
"902990",0.0769230769230769,"334513","334513"
"903281",0.0769230769230769,"334513","334513"
"903289",0.0769230769230769,"334513","334513"
"903290",0.0769230769230769,"334513","334513"
"903300",0.0769230769230769,"334513","334513"
"903210",0.2,"334512","334512"
"903220",0.2,"334512","334512"
"903289",0.2,"334512","334512"
"903290",0.2,"334512","334512"
"910700",0.2,"334512","334512"
"381800",0.037037037037037,"334413","334413"
"850490",0.037037037037037,"334413","334413"
"852352",0.037037037037037,"334413","334413"
"854110",0.037037037037037,"334413","334413"
"854121",0.037037037037037,"334413","334413"
"854129",0.037037037037037,"334413","334413"
"854130",0.037037037037037,"334413","334413"
"854140",0.037037037037037,"334413","334413"
"854150",0.037037037037037,"334413","334413"
"854190",0.037037037037037,"334413","334413"
"854210",0.037037037037037,"334413","334413"
"854211",0.037037037037037,"334413","334413"
"854212",0.037037037037037,"334413","334413"
"854213",0.037037037037037,"334413","334413"
"854214",0.037037037037037,"334413","334413"
"854219",0.037037037037037,"334413","334413"
"854220",0.037037037037037,"334413","334413"
"854221",0.037037037037037,"334413","334413"
"854229",0.037037037037037,"334413","334413"
"854230",0.037037037037037,"334413","334413"
"854231",0.037037037037037,"334413","334413"
"854232",0.037037037037037,"334413","334413"
"854233",0.037037037037037,"334413","334413"
"854239",0.037037037037037,"334413","334413"
"854240",0.037037037037037,"334413","334413"
"854260",0.037037037037037,"334413","334413"
"854290",0.037037037037037,"334413","334413"
"850431",0.0454545454545455,"334416","334416"
"850432",0.0454545454545455,"334416","334416"
"850450",0.0454545454545455,"334416","334416"
"850490",0.0454545454545455,"334416","334416"
"851680",0.0454545454545455,"334416","334416"
"852990",0.0454545454545455,"334416","334416"
"853210",0.0454545454545455,"334416","334416"
"853221",0.0454545454545455,"334416","334416"
"853222",0.0454545454545455,"334416","334416"
"853223",0.0454545454545455,"334416","334416"
"853224",0.0454545454545455,"334416","334416"
"853225",0.0454545454545455,"334416","334416"
"853229",0.0454545454545455,"334416","334416"
"853230",0.0454545454545455,"334416","334416"
"853290",0.0454545454545455,"334416","334416"
"853310",0.0454545454545455,"334416","334416"
"853321",0.0454545454545455,"334416","334416"
"853329",0.0454545454545455,"334416","334416"
"853331",0.0454545454545455,"334416","334416"
"853339",0.0454545454545455,"334416","334416"
"853340",0.0454545454545455,"334416","334416"
"853390",0.0454545454545455,"334416","334416"
"847310",0.0416666666666667,"334418","334418"
"847330",0.0416666666666667,"334418","334418"
"847340",0.0416666666666667,"334418","334418"
"847350",0.0416666666666667,"334418","334418"
"850490",0.0416666666666667,"334418","334418"
"851690",0.0416666666666667,"334418","334418"
"851740",0.0416666666666667,"334418","334418"
"851750",0.0416666666666667,"334418","334418"
"851762",0.0416666666666667,"334418","334418"
"851790",0.0416666666666667,"334418","334418"
"851890",0.0416666666666667,"334418","334418"
"852290",0.0416666666666667,"334418","334418"
"852990",0.0416666666666667,"334418","334418"
"853190",0.0416666666666667,"334418","334418"
"853890",0.0416666666666667,"334418","334418"
"854250",0.0416666666666667,"334418","334418"
"854270",0.0416666666666667,"334418","334418"
"854280",0.0416666666666667,"334418","334418"
"854390",0.0416666666666667,"334418","334418"
"901811",0.0416666666666667,"334418","334418"
"901819",0.0416666666666667,"334418","334418"
"901890",0.0416666666666667,"334418","334418"
"902790",0.0416666666666667,"334418","334418"
"903090",0.0416666666666667,"334418","334418"
"732690",0.111111111111111,"334417","334417"
"853540",0.111111111111111,"334417","334417"
"853590",0.111111111111111,"334417","334417"
"853630",0.111111111111111,"334417","334417"
"853661",0.111111111111111,"334417","334417"
"853669",0.111111111111111,"334417","334417"
"853670",0.111111111111111,"334417","334417"
"853690",0.111111111111111,"334417","334417"
"853890",0.111111111111111,"334417","334417"
"710410",0.0416666666666667,"334419","334419"
"741021",0.0416666666666667,"334419","334419"
"847149",0.0416666666666667,"334419","334419"
"850440",0.0416666666666667,"334419","334419"
"850490",0.0416666666666667,"334419","334419"
"852210",0.0416666666666667,"334419","334419"
"852290",0.0416666666666667,"334419","334419"
"852990",0.0416666666666667,"334419","334419"
"853120",0.0416666666666667,"334419","334419"
"853180",0.0416666666666667,"334419","334419"
"854011",0.0416666666666667,"334419","334419"
"854012",0.0416666666666667,"334419","334419"
"854020",0.0416666666666667,"334419","334419"
"854040",0.0416666666666667,"334419","334419"
"854060",0.0416666666666667,"334419","334419"
"854071",0.0416666666666667,"334419","334419"
"854079",0.0416666666666667,"334419","334419"
"854081",0.0416666666666667,"334419","334419"
"854089",0.0416666666666667,"334419","334419"
"854091",0.0416666666666667,"334419","334419"
"854099",0.0416666666666667,"334419","334419"
"854160",0.0416666666666667,"334419","334419"
"903289",0.0416666666666667,"334419","334419"
"903290",0.0416666666666667,"334419","334419"
"853400",1,"334412","334412"
"847149",0.5,"334112","334112"
"847170",0.5,"334112","334112"
"847110",0.166666666666667,"334111","334111"
"847120",0.166666666666667,"334111","334111"
"847130",0.166666666666667,"334111","334111"
"847141",0.166666666666667,"334111","334111"
"847149",0.166666666666667,"334111","334111"
"847150",0.166666666666667,"334111","334111"
"844331",0.0476190476190476,"334118","334118"
"844332",0.0476190476190476,"334118","334118"
"844339",0.0476190476190476,"334118","334118"
"844399",0.0476190476190476,"334118","334118"
"847050",0.0476190476190476,"334118","334118"
"847149",0.0476190476190476,"334118","334118"
"847160",0.0476190476190476,"334118","334118"
"847180",0.0476190476190476,"334118","334118"
"847190",0.0476190476190476,"334118","334118"
"847290",0.0476190476190476,"334118","334118"
"847330",0.0476190476190476,"334118","334118"
"847350",0.0476190476190476,"334118","334118"
"852841",0.0476190476190476,"334118","334118"
"852842",0.0476190476190476,"334118","334118"
"852851",0.0476190476190476,"334118","334118"
"852852",0.0476190476190476,"334118","334118"
"852861",0.0476190476190476,"334118","334118"
"852862",0.0476190476190476,"334118","334118"
"901710",0.0476190476190476,"334118","334118"
"901720",0.0476190476190476,"334118","334118"
"901790",0.0476190476190476,"334118","334118"
"850440",0.0909090909090909,"335314","335314"
"850520",0.0909090909090909,"335314","335314"
"853340",0.0909090909090909,"335314","335314"
"853590",0.0909090909090909,"335314","335314"
"853630",0.0909090909090909,"335314","335314"
"853641",0.0909090909090909,"335314","335314"
"853649",0.0909090909090909,"335314","335314"
"853650",0.0909090909090909,"335314","335314"
"853710",0.0909090909090909,"335314","335314"
"853890",0.0909090909090909,"335314","335314"
"910700",0.0909090909090909,"335314","335314"
"853510",0.0769230769230769,"335313","335313"
"853521",0.0769230769230769,"335313","335313"
"853529",0.0769230769230769,"335313","335313"
"853530",0.0769230769230769,"335313","335313"
"853590",0.0769230769230769,"335313","335313"
"853610",0.0769230769230769,"335313","335313"
"853620",0.0769230769230769,"335313","335313"
"853690",0.0769230769230769,"335313","335313"
"853710",0.0769230769230769,"335313","335313"
"853720",0.0769230769230769,"335313","335313"
"853810",0.0769230769230769,"335313","335313"
"853890",0.0769230769230769,"335313","335313"
"910700",0.0769230769230769,"335313","335313"
"840510",0.04,"335312","335312"
"840590",0.04,"335312","335312"
"841280",0.04,"335312","335312"
"841590",0.04,"335312","335312"
"848340",0.04,"335312","335312"
"850110",0.04,"335312","335312"
"850120",0.04,"335312","335312"
"850131",0.04,"335312","335312"
"850132",0.04,"335312","335312"
"850133",0.04,"335312","335312"
"850134",0.04,"335312","335312"
"850140",0.04,"335312","335312"
"850151",0.04,"335312","335312"
"850152",0.04,"335312","335312"
"850153",0.04,"335312","335312"
"850161",0.04,"335312","335312"
"850162",0.04,"335312","335312"
"850163",0.04,"335312","335312"
"850164",0.04,"335312","335312"
"850211",0.04,"335312","335312"
"850212",0.04,"335312","335312"
"850213",0.04,"335312","335312"
"850220",0.04,"335312","335312"
"850240",0.04,"335312","335312"
"850300",0.04,"335312","335312"
"850410",0.111111111111111,"335311","335311"
"850421",0.111111111111111,"335311","335311"
"850422",0.111111111111111,"335311","335311"
"850423",0.111111111111111,"335311","335311"
"850433",0.111111111111111,"335311","335311"
"850434",0.111111111111111,"335311","335311"
"850490",0.111111111111111,"335311","335311"
"903289",0.111111111111111,"335311","335311"
"903290",0.111111111111111,"335311","335311"
"853910",0.0769230769230769,"335110","335110"
"853921",0.0769230769230769,"335110","335110"
"853922",0.0769230769230769,"335110","335110"
"853929",0.0769230769230769,"335110","335110"
"853931",0.0769230769230769,"335110","335110"
"853932",0.0769230769230769,"335110","335110"
"853939",0.0769230769230769,"335110","335110"
"853940",0.0769230769230769,"335110","335110"
"853941",0.0769230769230769,"335110","335110"
"853949",0.0769230769230769,"335110","335110"
"853990",0.0769230769230769,"335110","335110"
"900662",0.0769230769230769,"335110","335110"
"900669",0.0769230769230769,"335110","335110"
"940510",0.5,"335122","335122"
"940520",0.5,"335122","335122"
"940510",0.5,"335121","335121"
"940520",0.5,"335121","335121"
"850980",0.0350877192982456,"3352","335220"
"851690",0.0350877192982456,"3352","335220"
"850870",0.0263157894736842,"3352","335220"
"850990",0.0263157894736842,"3352","335220"
"851660",0.0263157894736842,"3352","335220"
"630110",0.0175438596491228,"3352","335220"
"732190",0.0175438596491228,"3352","335220"
"841451",0.0175438596491228,"3352","335220"
"841460",0.0175438596491228,"3352","335220"
"841490",0.0175438596491228,"3352","335220"
"846729",0.0175438596491228,"3352","335220"
"847989",0.0175438596491228,"3352","335220"
"847990",0.0175438596491228,"3352","335220"
"850811",0.0175438596491228,"3352","335220"
"850819",0.0175438596491228,"3352","335220"
"850860",0.0175438596491228,"3352","335220"
"850940",0.0175438596491228,"3352","335220"
"851010",0.0175438596491228,"3352","335220"
"851020",0.0175438596491228,"3352","335220"
"851030",0.0175438596491228,"3352","335220"
"851090",0.0175438596491228,"3352","335220"
"851621",0.0175438596491228,"3352","335220"
"851629",0.0175438596491228,"3352","335220"
"851631",0.0175438596491228,"3352","335220"
"851632",0.0175438596491228,"3352","335220"
"851640",0.0175438596491228,"3352","335220"
"851671",0.0175438596491228,"3352","335220"
"851672",0.0175438596491228,"3352","335220"
"851679",0.0175438596491228,"3352","335220"
"901910",0.0175438596491228,"3352","335220"
"732111",0.0087719298245614,"3352","335220"
"732112",0.0087719298245614,"3352","335220"
"732113",0.0087719298245614,"3352","335220"
"732119",0.0087719298245614,"3352","335220"
"732181",0.0087719298245614,"3352","335220"
"732182",0.0087719298245614,"3352","335220"
"732189",0.0087719298245614,"3352","335220"
"741700",0.0087719298245614,"3352","335220"
"741810",0.0087719298245614,"3352","335220"
"741819",0.0087719298245614,"3352","335220"
"821000",0.0087719298245614,"3352","335220"
"841810",0.0087719298245614,"3352","335220"
"841821",0.0087719298245614,"3352","335220"
"841822",0.0087719298245614,"3352","335220"
"841829",0.0087719298245614,"3352","335220"
"841830",0.0087719298245614,"3352","335220"
"841840",0.0087719298245614,"3352","335220"
"841899",0.0087719298245614,"3352","335220"
"841911",0.0087719298245614,"3352","335220"
"841919",0.0087719298245614,"3352","335220"
"841990",0.0087719298245614,"3352","335220"
"842112",0.0087719298245614,"3352","335220"
"842191",0.0087719298245614,"3352","335220"
"842211",0.0087719298245614,"3352","335220"
"842219",0.0087719298245614,"3352","335220"
"842290",0.0087719298245614,"3352","335220"
"845011",0.0087719298245614,"3352","335220"
"845012",0.0087719298245614,"3352","335220"
"845019",0.0087719298245614,"3352","335220"
"845020",0.0087719298245614,"3352","335220"
"845090",0.0087719298245614,"3352","335220"
"845110",0.0087719298245614,"3352","335220"
"845121",0.0087719298245614,"3352","335220"
"845129",0.0087719298245614,"3352","335220"
"845130",0.0087719298245614,"3352","335220"
"845180",0.0087719298245614,"3352","335220"
"845190",0.0087719298245614,"3352","335220"
"850880",0.0087719298245614,"3352","335220"
"850910",0.0087719298245614,"3352","335220"
"850920",0.0087719298245614,"3352","335220"
"850930",0.0087719298245614,"3352","335220"
"851610",0.0087719298245614,"3352","335220"
"851633",0.0087719298245614,"3352","335220"
"851650",0.0087719298245614,"3352","335220"
"950800",0.0087719298245614,"3352","335220"
"950810",0.0087719298245614,"3352","335220"
"950890",0.0087719298245614,"3352","335220"
"630110",0.0333333333333333,"335210","335210"
"821000",0.0333333333333333,"335210","335210"
"841451",0.0333333333333333,"335210","335210"
"841460",0.0333333333333333,"335210","335210"
"841490",0.0333333333333333,"335210","335210"
"846729",0.0333333333333333,"335210","335210"
"847989",0.0333333333333333,"335210","335210"
"847990",0.0333333333333333,"335210","335210"
"850811",0.0333333333333333,"335210","335210"
"850819",0.0333333333333333,"335210","335210"
"850860",0.0333333333333333,"335210","335210"
"850870",0.0333333333333333,"335210","335210"
"850940",0.0333333333333333,"335210","335210"
"850980",0.0333333333333333,"335210","335210"
"850990",0.0333333333333333,"335210","335210"
"851010",0.0333333333333333,"335210","335210"
"851020",0.0333333333333333,"335210","335210"
"851030",0.0333333333333333,"335210","335210"
"851090",0.0333333333333333,"335210","335210"
"851621",0.0333333333333333,"335210","335210"
"851629",0.0333333333333333,"335210","335210"
"851631",0.0333333333333333,"335210","335210"
"851632",0.0333333333333333,"335210","335210"
"851640",0.0333333333333333,"335210","335210"
"851660",0.0333333333333333,"335210","335210"
"851671",0.0333333333333333,"335210","335210"
"851672",0.0333333333333333,"335210","335210"
"851679",0.0333333333333333,"335210","335210"
"851690",0.0333333333333333,"335210","335210"
"901910",0.0333333333333333,"335210","335210"
"842310",0.111111111111111,"333997","333997"
"842320",0.111111111111111,"333997","333997"
"842330",0.111111111111111,"333997","333997"
"842381",0.111111111111111,"333997","333997"
"842382",0.111111111111111,"333997","333997"
"842389",0.111111111111111,"333997","333997"
"842390",0.111111111111111,"333997","333997"
"901600",0.111111111111111,"333997","333997"
"903190",0.111111111111111,"333997","333997"
"841410",0.1,"333912","333912"
"841420",0.1,"333912","333912"
"841440",0.1,"333912","333912"
"841480",0.1,"333912","333912"
"841490",0.1,"333912","333912"
"842420",0.1,"333912","333912"
"842489",0.1,"333912","333912"
"842490",0.1,"333912","333912"
"848180",0.1,"333912","333912"
"851580",0.1,"333912","333912"
"842220",0.2,"333993","333993"
"842230",0.2,"333993","333993"
"842240",0.2,"333993","333993"
"842290",0.2,"333993","333993"
"843850",0.2,"333993","333993"
"701990",0.25,"333413","333413"
"841459",0.25,"333413","333413"
"841490",0.25,"333413","333413"
"842139",0.25,"333413","333413"
"730719",0.0714285714285714,"332919","332919"
"730721",0.0714285714285714,"332919","332919"
"730722",0.0714285714285714,"332919","332919"
"730723",0.0714285714285714,"332919","332919"
"730729",0.0714285714285714,"332919","332919"
"730791",0.0714285714285714,"332919","332919"
"730792",0.0714285714285714,"332919","332919"
"730793",0.0714285714285714,"332919","332919"
"730799",0.0714285714285714,"332919","332919"
"741210",0.0714285714285714,"332919","332919"
"741220",0.0714285714285714,"332919","332919"
"750720",0.0714285714285714,"332919","332919"
"760900",0.0714285714285714,"332919","332919"
"848180",0.0714285714285714,"332919","332919"
"831110",0.0666666666666667,"333992","333992"
"831120",0.0666666666666667,"333992","333992"
"831130",0.0666666666666667,"333992","333992"
"831190",0.0666666666666667,"333992","333992"
"846810",0.0666666666666667,"333992","333992"
"846820",0.0666666666666667,"333992","333992"
"846880",0.0666666666666667,"333992","333992"
"846890",0.0666666666666667,"333992","333992"
"851519",0.0666666666666667,"333992","333992"
"851521",0.0666666666666667,"333992","333992"
"851529",0.0666666666666667,"333992","333992"
"851531",0.0666666666666667,"333992","333992"
"851539",0.0666666666666667,"333992","333992"
"851580",0.0666666666666667,"333992","333992"
"851590",0.0666666666666667,"333992","333992"
"732290",0.0555555555555556,"333415","333415"
"841430",0.0555555555555556,"333415","333415"
"841480",0.0555555555555556,"333415","333415"
"841490",0.0555555555555556,"333415","333415"
"841510",0.0555555555555556,"333415","333415"
"841581",0.0555555555555556,"333415","333415"
"841582",0.0555555555555556,"333415","333415"
"841583",0.0555555555555556,"333415","333415"
"841590",0.0555555555555556,"333415","333415"
"841850",0.0555555555555556,"333415","333415"
"841861",0.0555555555555556,"333415","333415"
"841869",0.0555555555555556,"333415","333415"
"841891",0.0555555555555556,"333415","333415"
"841899",0.0555555555555556,"333415","333415"
"842129",0.0555555555555556,"333415","333415"
"847960",0.0555555555555556,"333415","333415"
"847989",0.0555555555555556,"333415","333415"
"847990",0.0555555555555556,"333415","333415"
"844010",0.0666666666666667,"333244","333244"
"844090",0.0666666666666667,"333244","333244"
"844230",0.0666666666666667,"333244","333244"
"844240",0.0666666666666667,"333244","333244"
"844250",0.0666666666666667,"333244","333244"
"844311",0.0666666666666667,"333244","333244"
"844312",0.0666666666666667,"333244","333244"
"844313",0.0666666666666667,"333244","333244"
"844314",0.0666666666666667,"333244","333244"
"844315",0.0666666666666667,"333244","333244"
"844316",0.0666666666666667,"333244","333244"
"844317",0.0666666666666667,"333244","333244"
"844319",0.0666666666666667,"333244","333244"
"844391",0.0666666666666667,"333244","333244"
"844399",0.0666666666666667,"333244","333244"
"847330",0.1,"333242","333242"
"847350",0.1,"333242","333242"
"847989",0.1,"333242","333242"
"848610",0.1,"333242","333242"
"848620",0.1,"333242","333242"
"848630",0.1,"333242","333242"
"848640",0.1,"333242","333242"
"848690",0.1,"333242","333242"
"854370",0.1,"333242","333242"
"854390",0.1,"333242","333242"
"420600",0.0416666666666667,"339992","339992"
"841459",0.0416666666666667,"339992","339992"
"854370",0.0416666666666667,"339992","339992"
"854389",0.0416666666666667,"339992","339992"
"920110",0.0416666666666667,"339992","339992"
"920120",0.0416666666666667,"339992","339992"
"920190",0.0416666666666667,"339992","339992"
"920210",0.0416666666666667,"339992","339992"
"920290",0.0416666666666667,"339992","339992"
"920300",0.0416666666666667,"339992","339992"
"920410",0.0416666666666667,"339992","339992"
"920420",0.0416666666666667,"339992","339992"
"920510",0.0416666666666667,"339992","339992"
"920590",0.0416666666666667,"339992","339992"
"920600",0.0416666666666667,"339992","339992"
"920710",0.0416666666666667,"339992","339992"
"920790",0.0416666666666667,"339992","339992"
"920890",0.0416666666666667,"339992","339992"
"920930",0.0416666666666667,"339992","339992"
"920991",0.0416666666666667,"339992","339992"
"920992",0.0416666666666667,"339992","339992"
"920993",0.0416666666666667,"339992","339992"
"920994",0.0416666666666667,"339992","339992"
"920999",0.0416666666666667,"339992","339992"
