product_hs92_code_2d,year,product_hs92_name_2d,product_hs92_code_1d,product_hs92_name_1d,share_on_total_imports,distance,cog,pci,eci_hs92,export_share_to_usa,export_rca,export_value
10,2020,Cereals,1,Agriculture,0.014766336848458614,0.8351666666666667,0.07333333333333335,-1.118,-0.209,0.17933349392922404,0.05565016666666667,2720446
10,2021,Cereals,1,Agriculture,0.011488447881233942,0.8192,-0.012000000000000005,-1.051,-0.052000000000000005,0.20326255538225402,0.18368120000000002,5128280
10,2022,Cereals,1,Agriculture,0.013718118399243634,0.8176,0.07899999999999999,-0.9094000000000001,-0.191,0.32095572308553605,0.1095866,6168639
10,2023,Cereals,1,Agriculture,0.03414636777792316,0.8076666666666666,0.07066666666666666,-1.0315,-0.082,0.24400658272016215,0.17236550000000003,9792432
11,2020,"Flours, starches and malts",1,Agriculture,0.023427960059970963,0.79825,0.2265,-0.9155,-0.209,0.0642746487642119,13.2924525,46936631
11,2021,"Flours, starches and malts",1,Agriculture,0.026232193524234032,0.795,0.197375,-0.744,-0.052,0.233864497590735,11.519954875,45816615
11,2022,"Flours, starches and malts",1,Agriculture,0.02231598150000423,0.781875,0.17550000000000002,-0.756125,-0.191,0.22244759431226832,13.71376525,61527128
11,2023,"Flours, starches and malts",1,Agriculture,0.016529696498648168,0.75,0.043857142857142865,-1.0025714285714284,-0.082,0.2651432389798726,15.281938,71736913
12,2020,Oil seeds and oleaginous fruits,1,Agriculture,0.09643368561382158,0.8186666666666667,0.040444444444444436,-1.2786666666666668,-0.209,0.4619660505321547,0.07756711111111111,908454
12,2021,Oil seeds and oleaginous fruits,1,Agriculture,0.08239757671860604,0.8227272727272728,-0.03509090909090909,-1.324,-0.052,0.48031511814478683,0.08532745454545455,1431422
12,2022,Oil seeds and oleaginous fruits,1,Agriculture,0.09671640655559845,0.8070999999999999,-0.02489999999999999,-1.3244,-0.191,0.5557976686702297,0.0785961,1126761
12,2023,Oil seeds and oleaginous fruits,1,Agriculture,0.09293560483007983,0.7982,-0.0005999999999999922,-1.2714,-0.082,0.39905236196572363,0.104559,1465252
13,2020,Lac and other vegetable extracts,1,Agriculture,0.17518807137517606,0.7705,0.0895,-1.764,-0.209,0.10160788541409481,7.320612,3248827
13,2021,Lac and other vegetable extracts,1,Agriculture,0.17630462238242955,0.76,0.098,-1.839,-0.052,0.1011542549120049,5.239955999999999,2836828
13,2022,Lac and other vegetable extracts,1,Agriculture,0.15377769714979037,0.7565,0.033,-1.758,-0.191,0.10452733319071975,4.566064,2913311
13,2023,Lac and other vegetable extracts,1,Agriculture,0.1481318369892058,0.7415,-0.024,-1.8335,-0.082,0.15088660814843954,6.831849500000001,3666105
14,2020,Other vegetable materials,1,Agriculture,0.03284818543225008,0.773,-0.286,-1.567,-0.209,0.9727881641723779,0.962801,321735
14,2021,Other vegetable materials,1,Agriculture,0.0552762562275976,0.759,-0.325,-1.707,-0.052,0.9157383338621459,0.859886,343537
14,2022,Other vegetable materials,1,Agriculture,0.0659442696721616,0.745,-0.374,-1.776,-0.191,0.9562267313488162,0.55031,248188
14,2023,Other vegetable materials,1,Agriculture,0.06897094192345216,0.732,-0.437,-2.013,-0.082,0.9924693426743798,0.747209,356277
15,2020,"Animal or vegetable fats, oils or waxes",1,Agriculture,0.23246364059175736,0.8257333333333333,0.22379999999999997,-0.8296666666666667,-0.209,0.0,0.9906178666666668,24978899
15,2021,"Animal or vegetable fats, oils or waxes",1,Agriculture,0.22612214702114952,0.8206249999999999,0.2355625,-0.7513125,-0.052,0.09090909090909091,0.6328666875000001,25354255
15,2022,"Animal or vegetable fats, oils or waxes",1,Agriculture,0.2939011610672873,0.797625,0.1876875,-0.79475,-0.191,0.08291281942163777,0.8221525625,35848200
15,2023,"Animal or vegetable fats, oils or waxes",1,Agriculture,0.2883204169323286,0.787625,0.1745,-0.7664375,-0.082,0.12429411612851156,0.856185,25858181
16,2020,Preparations of meat or fish,1,Agriculture,0.17804635489305398,0.8056000000000001,0.2844,-0.6698000000000001,-0.209,0.020814600633514094,2.7678912,77698055
16,2021,Preparations of meat or fish,1,Agriculture,0.17954293072452748,0.7956000000000001,0.2278,-0.5279999999999999,-0.052000000000000005,0.01330122603034193,2.6667384,82841753
16,2022,Preparations of meat or fish,1,Agriculture,0.17082806242620613,0.7894,0.2992,-0.4742,-0.191,0.01463757201837802,3.0850023999999996,93169939
16,2023,Preparations of meat or fish,1,Agriculture,0.15829727790908224,0.7708,0.11379999999999998,-0.5402,-0.082,0.003978239572985837,3.2908763999999997,91102073
17,2020,Sugar and candy,1,Agriculture,0.05521935586015438,0.76125,0.102,-1.1324999999999998,-0.209,0.2194612377136296,33.1358445,233901858
17,2021,Sugar and candy,1,Agriculture,0.05825960474742556,0.76075,0.11875,-0.96425,-0.052,0.2568525074450414,28.098233000000004,264801540
17,2022,Sugar and candy,1,Agriculture,0.05972699461250601,0.749,0.147,-0.9765,-0.191,0.34000343159298435,28.6565175,296303906
17,2023,Sugar and candy,1,Agriculture,0.055206265649493706,0.739,0.13975,-0.91825,-0.082,0.2746562266547351,31.65301325,298700804
18,2020,Cocoa,1,Agriculture,0.045573387316304954,0.82725,0.1845,-0.92425,-0.209,0.27045776526663357,0.20140975,6463989
18,2021,Cocoa,1,Agriculture,0.03569541740929703,0.829,0.21325,-0.88825,-0.052,0.4209273169805279,0.14914175,5178177
18,2022,Cocoa,1,Agriculture,0.058054039416738104,0.8160000000000001,0.26675,-0.75375,-0.191,0.3850200514039468,0.1749145,5819533
18,2023,Cocoa,1,Agriculture,0.05554212474918574,0.8009999999999999,0.3095,-0.804,-0.082,0.187085121646884,0.15664275,5607518
19,2020,"Preparations of cereals, flour, starch or milk",1,Agriculture,0.06235745544923847,0.783,0.09625,-0.519,-0.209,0.4036221491449654,6.8939465,134312787
19,2021,"Preparations of cereals, flour, starch or milk",1,Agriculture,0.06357715862317194,0.76875,0.049999999999999996,-0.5315,-0.052,0.3362627048905498,7.195104,156070500
19,2022,"Preparations of cereals, flour, starch or milk",1,Agriculture,0.061588087367834644,0.7686,0.06820000000000001,-0.6606,-0.191,0.2972672128980015,5.4934358,168459201
19,2023,"Preparations of cereals, flour, starch or milk",1,Agriculture,0.058106469751129694,0.758,0.052599999999999994,-0.5958,-0.082,0.3574139422259692,5.6044478,175306465
20,2020,"Preparations of vegetables, fruit, or nuts",1,Agriculture,0.08453673703673657,0.7918888888888889,0.12955555555555553,-0.7563333333333333,-0.209,0.35016080228174595,1.4144144444444444,47845543
20,2021,"Preparations of vegetables, fruit, or nuts",1,Agriculture,0.07124471249080098,0.7832222222222223,0.12544444444444444,-0.7278888888888889,-0.052,0.29611917165372637,1.4765112222222223,55123916
20,2022,"Preparations of vegetables, fruit, or nuts",1,Agriculture,0.07440206323253036,0.7635,0.056375,-0.812,-0.191,0.3928813884875292,1.60369725,56002120
20,2023,"Preparations of vegetables, fruit, or nuts",1,Agriculture,0.062680296949459,0.759625,0.110375,-0.74175,-0.082,0.3473594860585688,1.5468911250000001,57922773
21,2020,Miscellaneous edible preparations,1,Agriculture,0.05853606836902125,0.7806666666666667,0.052833333333333336,-0.41650000000000004,-0.209,0.2542796508087836,3.3073770000000002,82761901
21,2021,Miscellaneous edible preparations,1,Agriculture,0.05760756754511709,0.7731666666666667,0.05366666666666667,-0.3993333333333333,-0.052,0.24086819428376607,3.2239165,90225949
21,2022,Miscellaneous edible preparations,1,Agriculture,0.05395282021924574,0.7648333333333334,0.06266666666666666,-0.37800000000000006,-0.19099999999999998,0.22814273761822135,3.1961386666666667,94208319
21,2023,Miscellaneous edible preparations,1,Agriculture,0.06607625362489149,0.7503333333333333,0.06183333333333333,-0.311,-0.082,0.2083728948939443,3.4635586666666662,110550860
22,2020,Beverages,1,Agriculture,0.004852482477607796,0.8198888888888889,0.3015555555555555,-0.45366666666666666,-0.209,0.10849253258727803,1.431080222222222,84944967
22,2021,Beverages,1,Agriculture,0.0048960772502018145,0.8073333333333333,0.25577777777777777,-0.5017777777777778,-0.052,0.1538653251908714,1.6433334444444445,119992640
22,2022,Beverages,1,Agriculture,0.006224549803354737,0.7903333333333333,0.2363333333333333,-0.44488888888888894,-0.191,0.0426775803673027,1.9656243333333332,135077291
22,2023,Beverages,1,Agriculture,0.007616603278255264,0.7777777777777778,0.22444444444444445,-0.4641111111111111,-0.082,0.03546810773316931,2.2020452222222224,153584859
23,2020,Food residues and animal feed,1,Agriculture,0.06716400676542433,0.8018333333333333,0.10133333333333333,-0.9776666666666666,-0.209,0.0014119657419231963,1.0791486666666668,30679333
23,2021,Food residues and animal feed,1,Agriculture,0.046845564651744026,0.7975,0.01983333333333333,-1.0901666666666667,-0.052,0.0017990383127108249,0.9193078333333333,42897043
23,2022,Food residues and animal feed,1,Agriculture,0.04778862057803382,0.7938333333333333,0.02183333333333334,-1.0103333333333333,-0.19099999999999998,0.0007166732580918878,0.9683273333333333,46226297
23,2023,Food residues and animal feed,1,Agriculture,0.04630207176201175,0.7744,0.0786,-1.105,-0.082,0.0,1.5803642,46445687
24,2020,Tobacco,1,Agriculture,0.017423320714123766,0.77,-0.10366666666666668,-1.136,-0.209,1.0,0.035908,485476
24,2021,Tobacco,1,Agriculture,0.015859026067925674,0.765,-0.12,-1.1563333333333334,-0.052,1.0,0.02349,344374
24,2022,Tobacco,1,Agriculture,0.087028709974712,0.7516666666666666,-0.06866666666666667,-1.0753333333333333,-0.19099999999999998,1.0,0.007745666666666667,166019
24,2023,Tobacco,1,Agriculture,0.07168081942699334,0.747,0.08100000000000002,-0.6915,-0.082,1.0,0.0072965,113796
25,2020,"Salt, sulphur, lime, cement, etc.",3,Minerals,0.14012263923782584,0.8347368421052631,0.19978947368421052,-0.8087894736842105,-0.209,0.0,0.14205836842105263,4625192
25,2021,"Salt, sulphur, lime, cement, etc.",3,Minerals,0.15435139685549387,0.8180000000000001,0.10276190476190476,-0.8118095238095238,-0.05199999999999999,0.0,0.15298090476190476,5848405
25,2022,"Salt, sulphur, lime, cement, etc.",3,Minerals,0.13138947943410625,0.8047619047619047,0.09423809523809525,-0.9433333333333332,-0.191,0.0,0.1439092380952381,8791313
25,2023,"Salt, sulphur, lime, cement, etc.",3,Minerals,0.12718574699123303,0.7916315789473685,0.09847368421052631,-1.0142105263157895,-0.082,0.0,0.26657363157894737,16778995
26,2020,"Ores, slag and ash",3,Minerals,0.0036162400628214062,0.8278571428571428,-0.14185714285714285,-1.513,-0.209,0.8552963528850055,1.3823977142857142,2059718
26,2021,"Ores, slag and ash",3,Minerals,0.028769499196294526,0.8193333333333334,-0.24544444444444447,-1.7995555555555558,-0.052,0.7486576093506587,0.7146007777777778,3624824
26,2022,"Ores, slag and ash",3,Minerals,0.09205926670874413,0.8165714285714286,0.123,-0.8102857142857143,-0.191,0.8976540234967616,0.7961317142857143,2228043
26,2023,"Ores, slag and ash",3,Minerals,0.002126435098398897,0.8038571428571428,-0.12214285714285714,-1.471857142857143,-0.082,0.925606601798251,0.762907,1303841
27,2020,"Mineral fuels, oils and waxes",3,Minerals,0.037333428575125525,0.8288888888888889,0.22466666666666665,-0.7701111111111111,-0.209,0.038568897353645555,0.2640931111111111,139476142
27,2021,"Mineral fuels, oils and waxes",3,Minerals,0.043748190758750624,0.823125,0.195,-0.710375,-0.052,0.1370660756494377,0.319204625,233413222
27,2022,"Mineral fuels, oils and waxes",3,Minerals,0.04486306744131512,0.8160000000000001,0.15255555555555556,-0.8316666666666667,-0.191,0.17442962464958126,0.19784066666666666,275647067
27,2023,"Mineral fuels, oils and waxes",3,Minerals,0.02853991013751982,0.8170000000000001,0.17327272727272727,-0.7837272727272727,-0.082,0.07497455321484589,0.1550751818181818,245143036
28,2020,Inorganic chemicals,5,Chemicals,0.10687705165530763,0.864475,0.5319499999999999,0.12237500000000001,-0.209,0.003138279811085845,0.32031590000000004,4195328
28,2021,Inorganic chemicals,5,Chemicals,0.11309182057557107,0.8591,0.48572499999999996,0.05417499999999999,-0.052000000000000005,0.0,0.24187789999999998,5517719
28,2022,Inorganic chemicals,5,Chemicals,0.15140572787451606,0.849025641025641,0.43912820512820516,0.1457948717948718,-0.191,0.0,0.2809949743589743,6885921
28,2023,Inorganic chemicals,5,Chemicals,0.10186953099565224,0.843025641025641,0.4195128205128205,0.1297948717948718,-0.082,0.005920948586834555,0.32515894871794876,6253511
29,2020,Organic chemicals,5,Chemicals,0.2761444646030463,0.8872285714285715,1.014857142857143,1.0026857142857144,-0.209,0.005986988390638071,0.046828885714285715,4127469
29,2021,Organic chemicals,5,Chemicals,0.2935956214257978,0.879638888888889,0.9667777777777778,0.9613888888888888,-0.052,0.02640748816041411,0.027105944444444443,3455159
29,2022,Organic chemicals,5,Chemicals,0.30270579196386505,0.8755263157894738,1.0015526315789474,1.013921052631579,-0.191,0.01704567118374727,0.03512194736842105,6340238
29,2023,Organic chemicals,5,Chemicals,0.24667434604341693,0.8695384615384615,1.0014615384615386,0.9304871794871795,-0.082,0.010189156220442265,0.03892628205128205,3565666
30,2020,Pharmaceutical products,5,Chemicals,0.18108825807570003,0.8588333333333332,0.6246666666666666,0.9341666666666667,-0.209,0.14298964009373252,0.9113426666666666,152466393
30,2021,Pharmaceutical products,5,Chemicals,0.1753357435744418,0.8488333333333333,0.533,0.8538333333333333,-0.052,0.11950412719132131,1.0423353333333334,178183903
30,2022,Pharmaceutical products,5,Chemicals,0.1677432671762696,0.84,0.544,0.8783333333333333,-0.19099999999999998,0.09498306586756124,0.6130293333333333,157306988
30,2023,Pharmaceutical products,5,Chemicals,0.13621086083131523,0.8388333333333332,0.6936666666666667,0.9308333333333333,-0.082,0.06580641353861585,0.491611,166999379
31,2020,Fertilisers,5,Chemicals,0.009615964554953425,0.8042,0.027399999999999997,-0.8398,-0.209,0.25,0.4461044,14150397
31,2021,Fertilisers,5,Chemicals,0.009111533712405053,0.7982,0.007000000000000001,-0.9992000000000001,-0.052000000000000005,0.0,0.3348868,17179860
31,2022,Fertilisers,5,Chemicals,0.007050784827571927,0.788,-0.003799999999999998,-1.0112,-0.191,0.0001704010891167483,0.31754,22535767
31,2023,Fertilisers,5,Chemicals,0.00525107093819943,0.7838,-0.06520000000000001,-1.1808,-0.082,0.0,0.17802679999999999,8229954
32,2020,"Dyes, paints, inks, etc.",5,Chemicals,0.08728168622439739,0.8390666666666667,0.39486666666666664,0.12453333333333334,-0.209,0.0010417776581302545,2.1055165333333337,47909913
32,2021,"Dyes, paints, inks, etc.",5,Chemicals,0.08600927165629955,0.8292666666666667,0.3726,0.1464,-0.052,0.046579897192727246,2.3428416,69255674
32,2022,"Dyes, paints, inks, etc.",5,Chemicals,0.08594444798397227,0.8122857142857143,0.3687142857142857,0.24664285714285716,-0.191,0.05787415462843976,2.713674357142857,79321832
32,2023,"Dyes, paints, inks, etc.",5,Chemicals,0.07604879697022068,0.8083571428571429,0.4072857142857143,0.2294285714285714,-0.082,0.0510210392110616,3.1658195,80452351
33,2020,Essential oils,5,Chemicals,0.08843413091209687,0.8285714285714285,0.4947142857142857,-0.04871428571428571,-0.209,0.14407306819956164,0.36694871428571435,11515135
33,2021,Essential oils,5,Chemicals,0.08637054545099511,0.8174285714285714,0.4001428571428572,-0.02142857142857144,-0.052,0.10384448518383324,0.47143714285714283,16744390
33,2022,Essential oils,5,Chemicals,0.08126778242302157,0.8062857142857143,0.4264285714285715,0.04185714285714288,-0.191,0.11605872223092714,0.6367441428571429,23447261
33,2023,Essential oils,5,Chemicals,0.07107330816064303,0.791,0.39385714285714285,0.04700000000000002,-0.082,0.11613389414496011,0.7065462857142857,25221321
34,2020,"Soaps, waxes, and paints",5,Chemicals,0.2092784031890844,0.8355,0.6092500000000001,0.245875,-0.209,0.030954395506485755,0.843221,43276790
34,2021,"Soaps, waxes, and paints",5,Chemicals,0.23368584149768398,0.8254285714285715,0.6335714285714287,0.37400000000000005,-0.052,0.05026115949352573,0.6777727142857143,28092196
34,2022,"Soaps, waxes, and paints",5,Chemicals,0.24007594968138105,0.8150000000000001,0.6268571428571429,0.3807142857142857,-0.191,0.1288817428455736,1.0338138571428572,57653393
34,2023,"Soaps, waxes, and paints",5,Chemicals,0.2062774814522062,0.8109999999999999,0.579875,0.295625,-0.082,0.060237188827754654,0.9476048749999999,50984001
35,2020,Albuminoidals; modified starches; glues; enzymes,5,Chemicals,0.11015169783972566,0.8741666666666666,0.9751666666666666,0.549,-0.209,0.0,0.10706149999999999,1969717
35,2021,Albuminoidals; modified starches; glues; enzymes,5,Chemicals,0.09882857697759706,0.8636666666666667,0.9676666666666667,0.6511666666666667,-0.052,0.004614825168467823,0.12067116666666666,2338127
35,2022,Albuminoidals; modified starches; glues; enzymes,5,Chemicals,0.10200969828017793,0.8501666666666666,0.8485,0.5653333333333334,-0.19099999999999998,0.014712012837189713,0.182272,3942709
35,2023,Albuminoidals; modified starches; glues; enzymes,5,Chemicals,0.09834547126568688,0.844,0.8455,0.6003333333333333,-0.082,0.000827425196985563,0.21250316666666666,3904640
36,2020,Explosives,5,Chemicals,0.10008541377923828,0.8414999999999999,0.496,-0.030500000000000027,-0.209,0.0,0.044836,8782
36,2021,Explosives,5,Chemicals,0.3619124111905627,0.8183333333333334,0.2876666666666667,-0.11966666666666666,-0.052,0.0,1.6879806666666666,2155167
36,2022,Explosives,5,Chemicals,0.3090189289852472,0.82725,0.405,0.11249999999999999,-0.191,0.0,1.3194792499999999,2453057
36,2023,Explosives,5,Chemicals,0.6081169451191912,0.7985,0.285,0.093,-0.082,0.0,3.065776,2957290
37,2020,Photographic or cinematographic goods,5,Chemicals,0.020196154491940368,0.9091666666666667,0.8451666666666666,1.8396666666666668,-0.209,0.02070661666495428,0.07152750000000001,610187
37,2021,Photographic or cinematographic goods,5,Chemicals,0.014636246573111975,0.8983333333333334,0.6183333333333333,1.4315,-0.052,0.0,0.0450035,360796
37,2022,Photographic or cinematographic goods,5,Chemicals,0.02392548414352335,0.8894,0.734,1.2247999999999999,-0.191,0.0,0.0324664,193135
37,2023,Photographic or cinematographic goods,5,Chemicals,0.028178840263331967,0.881,0.716,1.2304,-0.082,0.0,0.0465772,241372
38,2020,Miscellaneous chemical products,5,Chemicals,0.11987003386194059,0.8690952380952381,0.8398095238095238,0.6023333333333333,-0.20900000000000002,0.046610189794342616,0.4023178095238095,38336451
38,2021,Miscellaneous chemical products,5,Chemicals,0.12793054180140978,0.85495,0.6536500000000001,0.51525,-0.052000000000000005,0.0856182306061121,0.46692779999999995,44229369
38,2022,Miscellaneous chemical products,5,Chemicals,0.14379395665173256,0.8468,0.7032499999999999,0.49935,-0.191,0.05272029821576392,0.49228760000000005,57728233
38,2023,Miscellaneous chemical products,5,Chemicals,0.1275575500025623,0.8442999999999999,0.7266,0.62595,-0.082,0.09480642745363335,0.5465036000000001,47740792
39,2020,Plastics,5,Chemicals,0.22559208112218324,0.8469615384615385,0.7537692307692307,0.7226538461538462,-0.20900000000000002,0.03192832111759079,1.1937965,355448712
39,2021,Plastics,5,Chemicals,0.23430535352887005,0.8386538461538462,0.7145769230769231,0.7356538461538461,-0.052,0.023708964629481768,1.2887151923076923,473750652
39,2022,Plastics,5,Chemicals,0.23608929416426638,0.8302307692307692,0.7127307692307692,0.6834230769230769,-0.191,0.02877137103455203,1.5448940000000002,569935215
39,2023,Plastics,5,Chemicals,0.2127156938483793,0.8254230769230768,0.7814615384615384,0.7538461538461539,-0.082,0.04025744870074707,1.3745254999999998,465125912
40,2020,Rubber,5,Chemicals,0.23734722958268545,0.846125,0.703125,0.33375,-0.209,0.11365943654628267,0.0595958125,2490693
40,2021,Rubber,5,Chemicals,0.23724646857806586,0.835,0.6181764705882353,0.2684705882352941,-0.052,0.026648177247649816,0.051948352941176466,2558064
40,2022,Rubber,5,Chemicals,0.2517310771180848,0.829875,0.709875,0.402625,-0.191,0.0864884725066645,0.0662865,2674704
40,2023,Rubber,5,Chemicals,0.23475792582750535,0.8225,0.6909375,0.3146875,-0.082,0.08646368880899843,0.0719808125,2386951
41,2020,Leather and skins,1,Agriculture,0.026559819573540235,0.8075,0.1095,-0.845,-0.209,0.0,0.1608435,647321
41,2021,Leather and skins,1,Agriculture,0.019017050366522504,0.7999999999999999,0.11533333333333334,-0.8873333333333333,-0.052,0.005558932520002672,0.08515033333333334,1213622
41,2022,Leather and skins,1,Agriculture,0.01600507257632158,0.755,-0.108,-1.358,-0.191,0.029237735295763182,0.473369,2073348
41,2023,Leather and skins,1,Agriculture,0.012840628053155296,0.7525,-0.174,-1.709,-0.082,0.0,0.2542675,1900139
42,2020,Articles of leather,1,Agriculture,0.4001403799788081,0.8343999999999999,0.2964,-0.398,-0.209,0.3149107184388439,0.15700319999999998,6861496
42,2021,Articles of leather,1,Agriculture,0.5003157048042597,0.8155,0.424,-0.14600000000000002,-0.052,0.5266899027552311,0.19483599999999998,7905613
42,2022,Articles of leather,1,Agriculture,0.4970768789800474,0.8035,0.38825,-0.26725,-0.191,0.5250879698109313,0.260975,16328309
42,2023,Articles of leather,1,Agriculture,0.43742240081812844,0.79775,0.4475,-0.3515,-0.082,0.4194800182867209,0.3362405,19302304
43,2020,Furskins,1,Agriculture,0.2158505119499631,0.863,0.002,0.338,-0.209,0.0,0.002217,2553
43,2021,Furskins,1,Agriculture,0.5026214588443214,0.8485,0.002,-0.032,-0.052,,0.0,0
43,2022,Furskins,1,Agriculture,0.46773042127239584,0.8365,0.002,-0.1555,-0.191,0.0,0.001291,2054
43,2023,Furskins,1,Agriculture,0.4666336867162131,0.8414999999999999,0.2885,-0.27,-0.082,,0.0,0
44,2020,Wood,1,Agriculture,0.2541315990315063,0.8184444444444444,0.2787777777777778,-0.4703888888888889,-0.209,0.23897880966787663,0.4701385,4061005
44,2021,Wood,1,Agriculture,0.24402628987425834,0.8100555555555555,0.21794444444444444,-0.45338888888888884,-0.052,0.18469912840413585,0.6080521111111111,7224501
44,2022,Wood,1,Agriculture,0.24741176896203487,0.8007777777777778,0.28455555555555556,-0.42516666666666664,-0.191,0.1639532921597104,0.8421993333333334,10355859
44,2023,Wood,1,Agriculture,0.278119305043391,0.7778333333333333,0.23744444444444446,-0.4756111111111111,-0.082,0.18481123106401448,0.7556664999999999,7623398
45,2020,Cork,1,Agriculture,0.036411297476893735,0.8623333333333333,0.11166666666666668,-0.17833333333333334,-0.209,0.0,0.009354333333333334,8784
45,2021,Cork,1,Agriculture,0.050539525446626814,0.848,0.128,-0.48975,-0.052,0.0,0.0049495,7788
45,2022,Cork,1,Agriculture,0.028460357350693983,0.8445,0.3065,-0.5135000000000001,-0.191,,0.0,0
45,2023,Cork,1,Agriculture,0.02851033584457097,0.834,0.309,-0.647,-0.082,,0.0,0
46,2020,Manufactues of plaiting materials,1,Agriculture,0.713554387966901,0.81,0.03,-1.491,-0.209,0.10125965620432877,0.061352,43107
46,2021,Manufactues of plaiting materials,1,Agriculture,0.7802366166719018,0.776,0.0065,-1.4104999999999999,-0.052,0.1450646161043214,0.723799,386612
46,2022,Manufactues of plaiting materials,1,Agriculture,0.7339254771866403,0.778,-0.021,-1.445,-0.191,0.5843233647412263,0.031951,29292
46,2023,Manufactues of plaiting materials,1,Agriculture,0.6414984566027755,0.767,-0.043,-1.453,-0.082,0.12637301675357818,0.012514,9013
47,2020,Pulp of wood,1,Agriculture,0.025341791656967573,0.85175,0.3305,0.07250000000000001,-0.209,0.00019000123171928466,0.7026060000000001,5397474
47,2021,Pulp of wood,1,Agriculture,0.027620009946632083,0.8336666666666667,0.15033333333333335,-0.207,-0.052,0.0,0.8779716666666667,8475239
47,2022,Pulp of wood,1,Agriculture,0.05595355066832951,0.8375,0.258,-0.193,-0.191,0.0022417405951349802,0.8150280000000001,9607669
47,2023,Pulp of wood,1,Agriculture,0.013861127201593318,0.8166666666666668,0.3253333333333333,0.03333333333333333,-0.082,0.001062039442510988,1.223286,7405563
48,2020,Paper and paperboard,1,Agriculture,0.2038146392235085,0.8247,0.39289999999999997,0.20725000000000002,-0.209,0.054932411758825364,3.8040369499999995,276852174
48,2021,Paper and paperboard,1,Agriculture,0.19504372426222577,0.8156666666666668,0.3415714285714286,0.17114285714285712,-0.05199999999999999,0.06134275733421454,3.9555931428571434,345596137
48,2022,Paper and paperboard,1,Agriculture,0.20119591118655783,0.8095909090909091,0.37581818181818183,0.18922727272727274,-0.191,0.07911075556027652,4.229649454545455,397910101
48,2023,Paper and paperboard,1,Agriculture,0.19574497894299697,0.7974999999999999,0.4234090909090909,0.1715909090909091,-0.082,0.09033631919795562,3.7748272272727275,356990037
49,2020,Products of the printing industry,1,Agriculture,0.4226440673174126,0.84975,0.57375,0.279125,-0.209,0.10061176982269014,2.921238375,15262019
49,2021,Products of the printing industry,1,Agriculture,0.42793620955653855,0.831375,0.38725,0.351875,-0.052,0.0955476511583598,3.3226565,22719635
49,2022,Products of the printing industry,1,Agriculture,0.3430161074614436,0.8153,0.2294,0.2465,-0.191,0.04815268598973845,5.4120666,21298164
49,2023,Products of the printing industry,1,Agriculture,0.31426351455955404,0.8147,0.1696,0.3968,-0.082,0.08827066487884871,6.3905376,22291342
50,2020,Silk,0,Textiles,0.0446861013485091,0.871,0.652,-0.24750000000000003,-0.209,0.0,0.0930985,42523
50,2021,Silk,0,Textiles,0.07175297750415854,0.868,0.593,-0.08249999999999999,-0.052,0.0,0.0692595,40887
50,2022,Silk,0,Textiles,0.4912066288613776,0.838,0.4185,-0.5005,-0.191,0.0,0.0468065,30959
50,2023,Silk,0,Textiles,0.13894622673293194,0.846,0.602,0.045,-0.082,0.0,0.101759,28292
51,2020,Wool,0,Textiles,0.015503919032516515,0.8594999999999999,0.8105,0.3605,-0.209,0.018481813044154867,0.238115,124117
51,2021,Wool,0,Textiles,0.031225861545792037,0.85525,0.5812499999999999,0.1975,-0.052,0.0,0.004029,7127
51,2022,Wool,0,Textiles,0.0253762162337506,0.8436666666666666,0.8276666666666667,0.4633333333333334,-0.19099999999999998,0.48045738045738046,0.002476,2311
51,2023,Wool,0,Textiles,0.060659256581900314,0.8368,0.5118,-0.38079999999999997,-0.082,0.5,0.0065076,16472
52,2020,Cotton,0,Textiles,0.18062186482023332,0.7853333333333333,0.05225,-1.2881666666666667,-0.209,0.00981011563934544,6.1809147499999995,50769543
52,2021,Cotton,0,Textiles,0.15257688702066388,0.7767499999999999,0.07441666666666667,-1.1876666666666666,-0.052,0.014190232868220043,8.62040775,113545340
52,2022,Cotton,0,Textiles,0.13054875960086437,0.7638,0.005199999999999999,-1.362,-0.191,0.009798494953817391,9.3895359,119346047
52,2023,Cotton,0,Textiles,0.11766525287415021,0.7550909090909091,0.017181818181818177,-1.3238181818181818,-0.082,0.004042744351828427,9.392516545454544,93756362
53,2020,Other vegetable textile fibres,0,Textiles,0.09748672106908353,0.8358000000000001,0.1276,-0.5686,-0.209,0.08607283015423929,1.8150862,572620
53,2021,Other vegetable textile fibres,0,Textiles,0.09885345419384892,0.8112,0.0906,-0.8876,-0.052000000000000005,0.028054248613985627,3.6402994,1330387
53,2022,Other vegetable textile fibres,0,Textiles,0.15640088841023825,0.8055000000000001,0.0005,-0.5650000000000001,-0.191,0.19451018816888968,1.6218375,144923
53,2023,Other vegetable textile fibres,0,Textiles,0.056427199152265066,0.8265,0.32525,0.1485,-0.082,1.0,0.2899275,51040
54,2020,Man-made filaments,0,Textiles,0.2950256634217792,0.8298571428571428,0.514,-0.11514285714285712,-0.209,0.17572635257168498,1.3674592857142858,38982889
54,2021,Man-made filaments,0,Textiles,0.28715057595952914,0.812142857142857,0.464,-0.023571428571428583,-0.052,0.020745110201707162,1.4045572857142858,58632851
54,2022,Man-made filaments,0,Textiles,0.2974236303277779,0.8074285714285715,0.43442857142857144,-0.03228571428571428,-0.191,0.013432439785945804,1.4910794285714286,54163308
54,2023,Man-made filaments,0,Textiles,0.2606699592101211,0.8117142857142857,0.5445714285714286,0.1442857142857143,-0.082,0.011235727375917067,1.2299264285714284,32723561
55,2020,Man-made staple fibres,0,Textiles,0.3512071794149557,0.8195384615384615,0.2303076923076923,-0.2619230769230769,-0.20900000000000002,0.07401810235769692,4.292367538461539,30918685
55,2021,Man-made staple fibres,0,Textiles,0.3168272636744549,0.8069999999999999,0.19084615384615383,-0.25969230769230767,-0.052,0.060208100485034464,3.9152882307692307,39286099
55,2022,Man-made staple fibres,0,Textiles,0.2652879983017278,0.7912307692307692,0.21153846153846154,-0.3080769230769231,-0.191,0.04404648582586605,4.127761076923077,43537954
55,2023,Man-made staple fibres,0,Textiles,0.2369647112741095,0.7895384615384615,0.23192307692307693,-0.23615384615384613,-0.082,0.046683343705904816,4.071671153846154,33275208
56,2020,"Wadding, felt and nonwovens",0,Textiles,0.42409775454129855,0.8290000000000001,0.5918888888888889,0.04688888888888888,-0.209,0.13661504598764493,0.20285366666666665,1445513
56,2021,"Wadding, felt and nonwovens",0,Textiles,0.40581832644925747,0.8101111111111111,0.4765555555555555,0.009222222222222206,-0.052,0.3119814145287903,0.8423237777777778,3523165
56,2022,"Wadding, felt and nonwovens",0,Textiles,0.4021174735793714,0.8142222222222222,0.6618888888888889,0.16922222222222222,-0.191,0.27211040220572585,0.14558533333333334,1644040
56,2023,"Wadding, felt and nonwovens",0,Textiles,0.35372337491561406,0.8035555555555556,0.6392222222222222,0.158,-0.082,0.18943488776368503,0.19742300000000002,1958673
57,2020,Carpets,0,Textiles,0.24227292058423258,0.8341999999999998,0.33140000000000003,-0.541,-0.209,0.0,0.0533076,187215
57,2021,Carpets,0,Textiles,0.23482222513806678,0.8244,0.3062,-0.5656,-0.052000000000000005,0.0,0.006817800000000001,70338
57,2022,Carpets,0,Textiles,0.2718306507827636,0.8119999999999999,0.30019999999999997,-0.5439999999999999,-0.191,0.0,0.0078748,51772
57,2023,Carpets,0,Textiles,0.26751330013050756,0.8086,0.3106,-0.5316,-0.082,0.3333333333333333,0.005167199999999999,38219
58,2020,Special woven fabrics,0,Textiles,0.41385245982338537,0.80875,0.31074999999999997,-0.327,-0.209,0.19613877909034477,5.630779625,29846596
58,2021,Special woven fabrics,0,Textiles,0.3424775783214137,0.8066666666666666,0.2198888888888889,-0.18044444444444446,-0.052,0.18276277556022932,5.426601222222222,42443329
58,2022,Special woven fabrics,0,Textiles,0.43793073710952485,0.7865714285714286,0.19842857142857143,-0.3637142857142857,-0.191,0.01902707088550626,6.426903285714286,35117803
58,2023,Special woven fabrics,0,Textiles,0.4050386845886073,0.80325,0.25825,-0.04449999999999999,-0.082,0.20466962227841293,4.510752999999999,21482028
59,2020,"Impregnated, coated or laminated textile fabrics",0,Textiles,0.29031657858071847,0.8703636363636363,0.7632727272727273,0.5746363636363636,-0.209,0.14505706006401647,0.2407218181818182,2597267
59,2021,"Impregnated, coated or laminated textile fabrics",0,Textiles,0.26866911990350345,0.8554999999999999,0.718,0.673625,-0.052,0.2768496431023753,0.399263375,4926139
59,2022,"Impregnated, coated or laminated textile fabrics",0,Textiles,0.30804586374445575,0.8488,0.8049,0.5851,-0.191,0.41672714481745293,0.17083500000000001,3344666
59,2023,"Impregnated, coated or laminated textile fabrics",0,Textiles,0.25965728283518824,0.8458888888888888,0.866,0.7497777777777778,-0.082,0.18050263179530102,0.23685322222222224,1549653
60,2020,Knitted fabrics,0,Textiles,0.5390652845306533,0.7949999999999999,0.0,-0.28700000000000003,-0.209,0.020127473793191943,10.004704499999999,101748803
60,2021,Knitted fabrics,0,Textiles,0.5004109840801891,0.7735000000000001,0.0,-0.256,-0.052,0.046764533551905185,7.9074505,130803109
60,2022,Knitted fabrics,0,Textiles,0.46405845382449784,0.7575000000000001,0.0,-0.558,-0.191,0.036169894426488186,10.576306500000001,153978734
60,2023,Knitted fabrics,0,Textiles,0.44801468915787046,0.7515000000000001,0.0,-0.49050000000000005,-0.082,0.07332227073672244,7.46859,91283994
61,2020,"Apparel, knit",0,Textiles,0.5984245714547085,0.743235294117647,0.017058823529411765,-1.2502352941176471,-0.209,0.8183790316301274,16.27153105882353,1355406255
61,2021,"Apparel, knit",0,Textiles,0.5861198521570379,0.7302941176470588,0.006058823529411764,-1.134294117647059,-0.052,0.7916064908877541,17.386256411764705,1932141070
61,2022,"Apparel, knit",0,Textiles,0.6054325197097751,0.7150588235294117,0.009176470588235295,-1.228235294117647,-0.191,0.7520243353853017,14.015521529411766,1826404918
61,2023,"Apparel, knit",0,Textiles,0.5878775230958804,0.7078235294117646,0.01388235294117647,-1.2809411764705882,-0.082,0.7826764874209903,14.103906,1529366129
62,2020,"Apparel, not knit",0,Textiles,0.586793653862183,0.774,0.1031764705882353,-1.0348235294117647,-0.209,0.7142409138897134,5.107845647058824,162878644
62,2021,"Apparel, not knit",0,Textiles,0.5668257818870424,0.7656470588235295,0.11170588235294118,-0.8744705882352941,-0.052,0.6398147256441361,4.204590294117647,188944323
62,2022,"Apparel, not knit",0,Textiles,0.5727655780210164,0.753235294117647,0.11523529411764706,-0.927235294117647,-0.191,0.7461554173770906,2.8853932941176472,151811709
62,2023,"Apparel, not knit",0,Textiles,0.544033550317832,0.744470588235294,0.12064705882352943,-0.9417058823529412,-0.082,0.6663890273967612,2.827027705882353,125890340
63,2020,Other made up textile articles,0,Textiles,0.5124846044510387,0.7834,0.0801,-0.8933,-0.209,0.38073414755714047,4.0799573,127578961
63,2021,Other made up textile articles,0,Textiles,0.47677937338602294,0.7734444444444445,0.10533333333333333,-0.913,-0.052,0.3198689868545672,4.8201525555555556,92970120
63,2022,Other made up textile articles,0,Textiles,0.47620273126179224,0.7656666666666667,0.12177777777777779,-0.9725555555555556,-0.191,0.31753724001650263,4.791583777777777,94231708
63,2023,Other made up textile articles,0,Textiles,0.44733786762733746,0.7543333333333333,0.11655555555555555,-0.951,-0.082,0.4010755092974709,5.257210222222223,101947594
64,2020,Footwear,0,Textiles,0.752603344603557,0.798,0.2191666666666667,-0.6881666666666666,-0.209,0.22102292547815983,2.0289188333333334,22724530
64,2021,Footwear,0,Textiles,0.7531157658066587,0.7785000000000001,0.11750000000000001,-0.6763333333333333,-0.052,0.170625189872315,1.8598906666666668,31036265
64,2022,Footwear,0,Textiles,0.7343582714555756,0.7653333333333334,0.10783333333333334,-0.6978333333333334,-0.19099999999999998,0.16897713862188904,1.5074596666666666,35348833
64,2023,Footwear,0,Textiles,0.6952958593064346,0.7558333333333334,0.09600000000000002,-0.6755,-0.082,0.231940229626858,1.7545421666666667,33323453
65,2020,Headgear,0,Textiles,0.6042011926943641,0.841,0.56475,-0.29474999999999996,-0.209,0.3561821706757256,0.46203,1293386
65,2021,Headgear,0,Textiles,0.6086310024704458,0.82375,0.5499999999999999,-0.337,-0.052,0.39314887958180006,0.32820175,1628800
65,2022,Headgear,0,Textiles,0.6112617116475962,0.80475,0.48475,-0.30699999999999994,-0.191,0.293529624355087,0.35882625,2354891
65,2023,Headgear,0,Textiles,0.5597827117940422,0.8007500000000001,0.54125,-0.36075000000000007,-0.082,0.3060376073757274,0.29169849999999997,1193829
66,2020,Umbrellas and walking-sticks,0,Textiles,0.8936366750461264,0.8576666666666667,0.4263333333333333,0.16333333333333333,-0.209,0.0,0.03270766666666667,74479
66,2021,Umbrellas and walking-sticks,0,Textiles,0.9129417195745652,0.8503333333333334,0.49066666666666664,0.37399999999999994,-0.052,0.0,0.117138,113347
66,2022,Umbrellas and walking-sticks,0,Textiles,0.8956203221475132,0.8403333333333333,0.25566666666666665,0.2273333333333333,-0.19099999999999998,0.0,0.04534033333333334,127293
66,2023,Umbrellas and walking-sticks,0,Textiles,0.8770921042117008,0.834,0.43333333333333335,0.3539999999999999,-0.082,0.0,0.08725633333333332,126160
67,2020,Feathers and down,0,Textiles,0.9440517658481822,0.8355,0.0,-1.1435000000000002,-0.209,0.0,0.07768749999999999,246098
67,2021,Feathers and down,0,Textiles,0.956045019468823,0.8360000000000001,0.0,-0.5385,-0.052,0.0,0.0648595,282031
67,2022,Feathers and down,0,Textiles,0.732775228806659,0.81,-0.03133333333333333,-1.3183333333333334,-0.19099999999999998,0.0,0.006804666666666667,44437
67,2023,Feathers and down,0,Textiles,0.6629721560099403,0.8123333333333335,0.016,-1.1423333333333334,-0.082,0.0,0.017915333333333335,74524
68,2020,"Articles of stone, plaster, cement, etc.",2,Stone,0.15773655809830728,0.8450769230769232,0.6549230769230768,0.4509230769230769,-0.20900000000000002,0.0708539078281294,6.033379230769231,38656253
68,2021,"Articles of stone, plaster, cement, etc.",2,Stone,0.13034969504999078,0.8252307692307692,0.5365384615384615,0.25276923076923075,-0.052,0.08164687098353779,6.192709692307692,48285427
68,2022,"Articles of stone, plaster, cement, etc.",2,Stone,0.18084632430296207,0.8221538461538462,0.5366923076923077,0.2562307692307692,-0.191,0.07344925241903605,5.397576384615385,42300823
68,2023,"Articles of stone, plaster, cement, etc.",2,Stone,0.16979877146574007,0.8116666666666666,0.5168333333333334,0.24883333333333335,-0.082,0.07988907550419559,4.523285916666667,30217279
69,2020,Ceramic products,2,Stone,0.4067976276430127,0.8581818181818182,0.5948181818181818,0.22254545454545457,-0.209,0.06767567890218756,0.07259281818181819,441557
69,2021,Ceramic products,2,Stone,0.4189085651516624,0.8404166666666667,0.49866666666666665,0.1411666666666667,-0.052,0.08576346841995468,0.080928,689122
69,2022,Ceramic products,2,Stone,0.3800528147772331,0.82425,0.5475833333333333,-0.09933333333333333,-0.19099999999999998,0.09338268027263646,0.0988135,663758
69,2023,Ceramic products,2,Stone,0.32952558649079416,0.8165,0.5198333333333333,0.1691666666666667,-0.082,0.07569805283952394,0.144733,682493
70,2020,Glass and glassware,2,Stone,0.27785364010876545,0.8631764705882352,0.7668235294117648,0.5708235294117647,-0.209,0.02767645402201588,0.1825014705882353,1669154
70,2021,Glass and glassware,2,Stone,0.2749466078634363,0.8567647058823529,0.7261764705882353,0.5224117647058824,-0.052,0.10261062236743443,0.05193688235294118,1898541
70,2022,Glass and glassware,2,Stone,0.290372087365431,0.8413529411764705,0.6740588235294117,0.4798823529411764,-0.191,0.08858663307024031,0.1441579411764706,1765198
70,2023,Glass and glassware,2,Stone,0.2742607147616791,0.8441764705882352,0.6711176470588236,0.6168235294117648,-0.082,0.08656536076321854,0.052665823529411765,1588348
71,2020,Precious metals and stones,2,Stone,0.09694460231110157,0.8488571428571429,0.2949285714285715,-0.3855,-0.209,0.5661513887124511,1.0841314285714285,27214368
71,2021,Precious metals and stones,2,Stone,0.09969695654911533,0.8442142857142857,0.3727142857142857,-0.32635714285714285,-0.052,0.659286853917052,0.6762009999999999,25743413
71,2022,Precious metals and stones,2,Stone,0.11569923309840488,0.8363846153846153,0.43453846153846154,-0.17146153846153847,-0.191,0.7260714832703717,0.2890029230769231,11468707
71,2023,Precious metals and stones,2,Stone,0.1093312061050541,0.8344615384615385,0.3934615384615385,-0.2811538461538461,-0.082,0.5682973680060467,0.27479207692307694,10634674
72,2020,Iron and steel,4,Metals,0.07182460311452002,0.8429047619047619,0.4966190476190476,0.333,-0.20900000000000002,0.006740448747744419,1.5255368571428571,101646385
72,2021,Iron and steel,4,Metals,0.07156337534191266,0.8371304347826087,0.5119565217391304,0.42486956521739133,-0.052,0.0013838971198296686,1.2011701304347826,164785011
72,2022,Iron and steel,4,Metals,0.07755919301448952,0.82525,0.5044583333333333,0.28475,-0.19099999999999998,0.0030955104517076466,1.1487535833333333,162904555
72,2023,Iron and steel,4,Metals,0.05915454941532662,0.81604,0.45584,0.31896,-0.08200000000000002,0.06128851181491183,1.5792332,186824901
73,2020,Articles of iron or steel,4,Metals,0.3158757859990322,0.8358461538461538,0.6208846153846154,0.21392307692307694,-0.20900000000000002,0.053520111842720236,1.2983133076923077,55291941
73,2021,Articles of iron or steel,4,Metals,0.3309029432588527,0.8257307692307693,0.6246538461538461,0.31223076923076926,-0.052,0.05254187849441485,1.084479846153846,74319207
73,2022,Articles of iron or steel,4,Metals,0.32924258230310005,0.8156923076923076,0.5878076923076923,0.2695,-0.191,0.12213481258814181,0.7950975384615385,80235986
73,2023,Articles of iron or steel,4,Metals,0.2992299306942223,0.8073461538461538,0.5394615384615384,0.20584615384615382,-0.082,0.06993466790593282,1.2989287692307694,90103078
74,2020,Copper,4,Metals,0.09873720004050125,0.857,0.6742142857142858,0.14892857142857144,-0.209,0.1113409788858439,0.0960802142857143,4711734
74,2021,Copper,4,Metals,0.09609426092549771,0.847642857142857,0.6236428571428572,0.14999999999999997,-0.052,0.08405233385126534,0.12455085714285714,10039262
74,2022,Copper,4,Metals,0.09716714458013556,0.8445294117647059,0.5834117647058823,0.01658823529411766,-0.191,0.22452292839953852,0.0950059411764706,11814887
74,2023,Copper,4,Metals,0.08359351654505433,0.8382941176470587,0.5759411764705883,-0.10076470588235292,-0.082,0.044264624914082784,0.09790535294117647,9772340
75,2020,Nickel,4,Metals,0.01884351711891169,0.90575,0.996,0.9185,-0.209,,0.0,0
75,2021,Nickel,4,Metals,0.023423022946900282,0.896,0.8883333333333333,0.8791666666666668,-0.052,1.0,0.0004946666666666667,2281
75,2022,Nickel,4,Metals,0.03228887195611722,0.8973333333333334,0.7096666666666667,0.8313333333333333,-0.19099999999999998,1.0,0.0028278333333333332,15769
75,2023,Nickel,4,Metals,0.025906255146666404,0.902,0.9461666666666667,1.1568333333333334,-0.082,,0.0,0
76,2020,Aluminium,4,Metals,0.20004729336402483,0.8295333333333333,0.4656,0.03046666666666668,-0.209,0.1877190679354721,0.8497775333333333,39659966
76,2021,Aluminium,4,Metals,0.22529828840343408,0.8163333333333332,0.42146666666666666,0.008866666666666674,-0.052,0.15881171307945396,0.8756087333333333,58648305
76,2022,Aluminium,4,Metals,0.22193088835037625,0.81325,0.45725,0.04868750000000001,-0.191,0.16715376783270947,0.8961031875,72324421
76,2023,Aluminium,4,Metals,0.19216429186768855,0.8045,0.4505625,0.028749999999999998,-0.082,0.0950265021551374,0.8952506875,63690524
78,2020,Lead,4,Metals,0.0324711953564871,0.8276666666666667,0.3526666666666667,-0.38899999999999996,-0.209,,0.0,0
78,2021,Lead,4,Metals,0.06424332543197364,0.806,0.1045,-0.945,-0.052,0.0,0.0125545,3830
78,2022,Lead,4,Metals,0.03436466363620873,0.853,0.6475,0.33799999999999997,-0.191,0.0,0.0309245,7168
78,2023,Lead,4,Metals,0.05404391318775847,0.829,0.481,-0.009,-0.082,,0.0,0
79,2020,Zinc,4,Metals,0.13613666012615785,0.869,0.742,0.3175,-0.209,0.0,0.04662275,72819
79,2021,Zinc,4,Metals,0.09657286949762725,0.8533999999999999,0.6562,0.09519999999999999,-0.052000000000000005,0.0,0.05838220000000001,140209
79,2022,Zinc,4,Metals,0.08670190252332956,0.8345,0.5257499999999999,-0.11825,-0.191,0.003605500223813787,0.042422749999999995,519388
79,2023,Zinc,4,Metals,0.07261371304607313,0.8158333333333333,0.4955,-0.17566666666666667,-0.082,0.03650540913453847,0.24045450000000002,484028
80,2020,Tin,4,Metals,0.11793760981999594,0.8703333333333333,0.7053333333333333,0.35366666666666663,-0.209,0.0,0.11026366666666666,33184
80,2021,Tin,4,Metals,0.12098779071778225,0.8626666666666667,0.5676666666666667,0.04499999999999999,-0.052,0.0,0.08364300000000001,40007
80,2022,Tin,4,Metals,0.04317027595195858,0.856,0.7092499999999999,0.29024999999999995,-0.191,0.0,0.07014425,19826
80,2023,Tin,4,Metals,0.05130816415200981,0.8486666666666666,0.48699999999999993,-0.10033333333333337,-0.082,0.0,0.0031143333333333335,1345
81,2020,Other base metals,4,Metals,0.12096930360056413,0.8902222222222222,0.6762222222222222,0.40055555555555555,-0.209,0.6555175805022445,0.04803511111111111,113822
81,2021,Other base metals,4,Metals,0.1657689859143227,0.8881111111111112,0.6434444444444445,0.36244444444444446,-0.052,0.7995992963252541,0.09793622222222223,281420
81,2022,Other base metals,4,Metals,0.1698328671685745,0.8813333333333334,0.7194444444444444,0.3622222222222222,-0.191,0.3096913066606986,0.07690144444444444,267342
81,2023,Other base metals,4,Metals,0.14964668087959065,0.8814,0.7108,0.5890000000000001,-0.082,0.3922263316597658,0.033782599999999996,88209
82,2020,Metal tools and tableware,4,Metals,0.4900959272387677,0.8742,0.7999333333333334,0.8374666666666666,-0.209,0.0814062973233464,1.8506377333333333,17240341
82,2021,Metal tools and tableware,4,Metals,0.5018828066749291,0.8672,0.798,0.8469333333333332,-0.052,0.13242439326413627,1.5862527333333334,20117643
82,2022,Metal tools and tableware,4,Metals,0.5077292903718934,0.8575333333333333,0.7815333333333334,0.8410666666666666,-0.191,0.0883854596395077,1.5649847333333333,19454510
82,2023,Metal tools and tableware,4,Metals,0.4937653295069252,0.8522,0.7504000000000001,0.7899333333333334,-0.082,0.12164380183118353,2.0482272000000004,20847185
83,2020,Miscellaneous articles of base metal,4,Metals,0.4631245973108477,0.845090909090909,0.7637272727272727,0.4561818181818182,-0.209,0.12757761096612544,0.3650462727272727,4379899
83,2021,Miscellaneous articles of base metal,4,Metals,0.4784999551404992,0.8358181818181817,0.7565454545454545,0.5315454545454545,-0.052,0.10313578018201595,0.41347027272727277,5509045
83,2022,Miscellaneous articles of base metal,4,Metals,0.49381514577036695,0.8182727272727273,0.5757272727272728,0.4530909090909091,-0.191,0.0816213360923013,0.553381909090909,7213783
83,2023,Miscellaneous articles of base metal,4,Metals,0.44863529161694893,0.8096363636363637,0.598,0.4586363636363636,-0.082,0.0963843122083015,0.5732825454545455,5732534
84,2020,Industrial Machinery,7,Machinery,0.18062787979099362,0.8747560975609756,1.1220365853658538,1.0167195121951218,-0.20899999999999996,0.054766595597630745,0.11358381707317072,36833438
84,2021,Industrial Machinery,7,Machinery,0.18099224715622914,0.8651875,1.0766125,1.0183624999999998,-0.052000000000000005,0.09062587323152349,0.0981016,43665038
84,2022,Industrial Machinery,7,Machinery,0.18133238537896257,0.8581428571428572,1.1016666666666668,1.03275,-0.191,0.05989703313279732,0.10896975,44556972
84,2023,Industrial Machinery,7,Machinery,0.15317273167158738,0.849433734939759,1.0828795180722892,1.0481807228915663,-0.082,0.07039620495824955,0.13907372289156628,49125524
85,2020,Electrical machinery and equipment,8,Electronics,0.3577025146389077,0.8711458333333333,0.9607916666666667,0.9421875000000001,-0.209,0.1561012101323372,0.8162252083333333,399585351
85,2021,Electrical machinery and equipment,8,Electronics,0.36802917304228727,0.8584583333333332,0.9029166666666666,0.9009583333333334,-0.052,0.12343730240818217,0.9799550208333333,592835814
85,2022,Electrical machinery and equipment,8,Electronics,0.38670703637109427,0.8532391304347826,0.9225000000000001,0.9001956521739131,-0.191,0.09854742985259249,1.0747000434782608,599139967
85,2023,Electrical machinery and equipment,8,Electronics,0.3362818905408877,0.8434130434782608,0.8962391304347825,0.8748260869565216,-0.082,0.13564257601885632,1.0973581521739129,534343473
86,2020,Trains,6,Vehicles,0.4488796106368411,0.8466666666666667,0.644,0.241,-0.209,0.0,0.008796,78271
86,2021,Trains,6,Vehicles,0.4872202444022449,0.851,0.6509999999999999,0.4996666666666667,-0.052,0.0,0.020255333333333334,104803
86,2022,Trains,6,Vehicles,0.4441757193096893,0.8363333333333333,0.721,0.369,-0.19099999999999998,0.12445995097800015,0.020173333333333335,269600
86,2023,Trains,6,Vehicles,0.3790529338448619,0.82,0.6649999999999999,0.29666666666666663,-0.082,0.34161640364647883,0.008684666666666667,89861
87,2020,Vehicles,6,Vehicles,0.24195926994789815,0.863,0.91775,0.6014375,-0.209,0.07222183747106845,0.0452645625,16439400
87,2021,Vehicles,6,Vehicles,0.2487873178618867,0.85,0.8154666666666667,0.5539333333333333,-0.052,0.10912523653986607,0.03209153333333333,17713402
87,2022,Vehicles,6,Vehicles,0.2320422348901437,0.8440624999999999,0.8539375,0.5873125,-0.191,0.10924628051336109,0.028969625,15833914
87,2023,Vehicles,6,Vehicles,0.21456878069663038,0.8366875,0.786625,0.5160625,-0.082,0.09017681294150647,0.0310503125,18472866
88,2020,Aircraft,6,Vehicles,0.04816220673139889,0.875,0.766,0.24633333333333338,-0.209,0.5338406282679196,0.07983933333333333,4949122
88,2021,Aircraft,6,Vehicles,0.08325787054095106,0.863,0.4985,0.39875000000000005,-0.052,0.37236699332089507,0.02764425,1887674
88,2022,Aircraft,6,Vehicles,0.048818082013680986,0.8574999999999999,0.52625,0.36174999999999996,-0.191,0.27422249833011203,0.35568725,25379689
88,2023,Aircraft,6,Vehicles,0.030533325261293282,0.853,0.721,0.26,-0.082,0.007511563550452571,0.09664575,940843
89,2020,Ships,6,Vehicles,0.11936101195572507,0.84675,0.479,-0.314,-0.209,0.6306004263922856,0.00775525,78654
89,2021,Ships,6,Vehicles,0.06791907534486477,0.8248,0.35760000000000003,-0.4798,-0.052000000000000005,0.4292156862745098,0.0050174,134521
89,2022,Ships,6,Vehicles,0.0827475632154361,0.8343999999999999,0.5034,-0.3272,-0.191,0.8952783737445225,0.019471999999999996,105533
89,2023,Ships,6,Vehicles,0.05271876325456336,0.827,0.6112500000000001,-0.16,-0.082,0.0,0.00321125,6935
90,2020,"Apparatuses (optical, medical, etc.)",7,Machinery,0.2285456927184467,0.8852424242424243,1.1247272727272728,1.132121212121212,-0.209,0.11200076697098135,0.04894015151515151,5037501
90,2021,"Apparatuses (optical, medical, etc.)",7,Machinery,0.22723011551567995,0.8776363636363637,1.064969696969697,1.1052424242424241,-0.052,0.12043216955136934,0.06379839393939395,7189730
90,2022,"Apparatuses (optical, medical, etc.)",7,Machinery,0.23036470209393162,0.8686060606060606,1.054181818181818,1.0843636363636364,-0.191,0.10161939010791429,0.060863909090909094,6414415
90,2023,"Apparatuses (optical, medical, etc.)",7,Machinery,0.21770753811993987,0.8649090909090908,1.0612424242424243,1.0702121212121212,-0.082,0.16581501332972823,0.06325784848484849,7158950
91,2020,Clocks,7,Machinery,0.20129435840314794,0.8760909090909091,0.5657272727272727,0.6600909090909091,-0.209,0.11095161353915343,0.04445809090909091,259683
91,2021,Clocks,7,Machinery,0.22490135221522645,0.8717692307692307,0.4776153846153846,0.6527692307692308,-0.052,0.1004942542294433,0.03454776923076923,149339
91,2022,Clocks,7,Machinery,0.22355108006376842,0.8651666666666666,0.5323333333333333,0.66225,-0.19099999999999998,0.15387540090260593,0.023826583333333335,25829
91,2023,Clocks,7,Machinery,0.2429062368715274,0.8695999999999999,0.6274,0.9183999999999999,-0.082,0.1162833150784958,0.06508339999999999,34596
92,2020,Musical instruments,7,Machinery,0.5272967891221448,0.8804285714285714,0.9238571428571429,0.44557142857142856,-0.209,0.0,0.011844285714285713,9998
92,2021,Musical instruments,7,Machinery,0.5290305374354906,0.8778571428571428,0.941,0.5425714285714286,-0.052,0.08498368194629878,0.020214571428571425,44884
92,2022,Musical instruments,7,Machinery,0.5444718720904338,0.8775714285714286,0.9844285714285714,0.6215714285714286,-0.191,0.0,0.01526742857142857,32482
92,2023,Musical instruments,7,Machinery,0.485777423901658,0.8707142857142857,0.9114285714285714,0.6781428571428572,-0.082,0.0,0.02540842857142857,60638
93,2020,Arms and ammunition,7,Machinery,0.1412238455316009,0.8676666666666666,0.656,0.613,-0.209,0.7269468205852228,0.6510848333333333,72246
93,2021,Arms and ammunition,7,Machinery,0.13715084229227675,0.8541428571428572,0.6281428571428572,0.40599999999999997,-0.052,0.6263668695368572,0.7190089999999999,137127
93,2022,Arms and ammunition,7,Machinery,0.12667758253465647,0.8465714285714286,0.6972857142857143,0.6721428571428572,-0.191,0.9386045925085215,0.4049787142857143,94243
93,2023,Arms and ammunition,7,Machinery,0.10746585612477318,0.8327142857142856,0.6148571428571429,0.5234285714285715,-0.082,0.5630987323807374,0.7578864285714285,124012
94,2020,Furniture,0,Textiles,0.5596204212023649,0.82,0.5641666666666667,0.26433333333333336,-0.209,0.09313243130452224,0.5192803333333333,39824240
94,2021,Furniture,0,Textiles,0.5652848109774073,0.8123333333333335,0.5995,0.3425,-0.052,0.10428014090191663,0.608572,61645289
94,2022,Furniture,0,Textiles,0.5877217498985675,0.8003333333333332,0.5415,0.25933333333333336,-0.19099999999999998,0.09797137748681815,0.6723493333333334,64778590
94,2023,Furniture,0,Textiles,0.5273682714317266,0.7885,0.5238333333333333,0.32916666666666666,-0.082,0.10292772682768624,0.7519856666666667,62997685
95,2020,Toys,7,Machinery,0.6704776450415003,0.8466666666666667,0.4925,0.217,-0.209,0.4409134156244321,0.9469478333333333,8429308
95,2021,Toys,7,Machinery,0.6844088045472353,0.8356666666666667,0.507,0.39316666666666666,-0.052,0.43181336153874855,0.9595864999999999,11320247
95,2022,Toys,7,Machinery,0.6859671186753542,0.8241666666666667,0.36999999999999994,0.08449999999999998,-0.19099999999999998,0.3493400012893238,0.4729125,6626679
95,2023,Toys,7,Machinery,0.6579512862970187,0.8155,0.4831666666666667,0.0028333333333333357,-0.082,0.4492054923534606,0.7144913333333333,6949431
96,2020,Miscellaneous manufactured articles,7,Machinery,0.5651392138333681,0.849,0.3751176470588235,0.11994117647058825,-0.209,0.07622175846819015,1.5680682352941178,21328359
96,2021,Miscellaneous manufactured articles,7,Machinery,0.5491819603923319,0.8396666666666666,0.34105555555555556,0.1635,-0.052,0.1004327145500114,1.6259029444444444,25702445
96,2022,Miscellaneous manufactured articles,7,Machinery,0.5932632861475968,0.8298235294117646,0.38894117647058823,0.11582352941176471,-0.191,0.0722189135898991,1.8368574705882352,28928264
96,2023,Miscellaneous manufactured articles,7,Machinery,0.5501123586889315,0.8267058823529412,0.3371176470588235,0.15247058823529414,-0.082,0.056277521675603986,1.9003180588235296,27685742
97,2020,Art,0,Textiles,0.011214456866623843,0.8648,0.5054,-0.045200000000000004,-0.209,0.19205104191055958,0.0165164,44844
97,2021,Art,0,Textiles,0.009635751244753982,0.8666,0.4324,-0.09060000000000001,-0.052000000000000005,0.12777362478459295,0.025320199999999998,102421
97,2022,Art,0,Textiles,0.011559624540471469,0.8704000000000001,0.6344000000000001,0.20339999999999997,-0.191,0.293383027988925,0.0312068,171410
97,2023,Art,0,Textiles,0.02173789450739693,0.8702,0.4136,-0.2686,-0.082,0.6489391129949544,0.028975,149501
99,2020,Other,9,Other,0.10553014787956183,0.838,0.001,-0.008,-0.209,0.03989803168618432,0.297475,41517211
99,2021,Other,9,Other,0.10894888006638588,0.835,0.001,0.018,-0.052,0.048217140584202615,0.27053,48898275
99,2022,Other,9,Other,0.1145864219689784,0.834,0.002,0.338,-0.191,0.07890994924386126,0.004865,1057015
99,2023,Other,9,Other,0.17872741226401412,0.809,0.002,0.044,-0.082,0.12196526439147756,0.005131,939497
