product_hs92_code_2d,year,product_hs92_name_2d,product_hs92_code_1d,product_hs92_name_1d,share_on_total_imports,distance,cog,pci,eci_hs92,export_share_to_usa,export_value_to_usa,export_rca,export_value
10,2020,Cereals,1,Agriculture,0.008871328029100086,0.8301999999999999,0.07979999999999998,-0.9412,-0.147,0.32667709033664044,133445,0.0921534,3308718
10,2021,Cereals,1,Agriculture,0.011403475397528003,0.8206,0.04479999999999999,-0.974,-0.036,0.1177247770798482,52236,0.0384062,899958
10,2022,Cereals,1,Agriculture,0.02636352020269213,0.8131666666666666,0.043833333333333335,-0.9998333333333335,-0.103,0.0810628451516936,36045,0.08272449999999999,2019901
10,2023,Cereals,1,Agriculture,0.029272050346989962,0.8271428571428572,0.1762857142857143,-0.8698571428571429,-0.197,0.19264768689779438,2466978,0.16686914285714288,4320156
11,2020,"Flours, starches and malts",1,Agriculture,0.02086639254261927,0.808,0.30533333333333335,-0.7307777777777777,-0.147,0.131140358401906,5027429,5.242348777777778,52067016
11,2021,"Flours, starches and malts",1,Agriculture,0.024923623923481613,0.8024444444444444,0.2601111111111111,-0.6759999999999999,-0.036,0.14353633432791116,5753380,5.185849444444445,60224679
11,2022,"Flours, starches and malts",1,Agriculture,0.02231598150000423,0.777375,0.16475,-0.756125,-0.103,0.12182398908512905,5461928,7.89537475,92100265
11,2023,"Flours, starches and malts",1,Agriculture,0.013707200069685878,0.8002222222222222,0.23811111111111108,-0.7273333333333334,-0.197,0.1342826668089953,6800368,5.729808111111111,88423564
12,2020,Oil seeds and oleaginous fruits,1,Agriculture,0.08006078882926483,0.8186363636363637,0.10527272727272727,-1.216,-0.147,0.4525204571298674,1441991,0.140989,2669422
12,2021,Oil seeds and oleaginous fruits,1,Agriculture,0.08239757671860604,0.8164545454545454,0.008363636363636358,-1.324,-0.036,0.3422379720749262,1252112,0.1382520909090909,2695492
12,2022,Oil seeds and oleaginous fruits,1,Agriculture,0.08827248245849663,0.8038181818181819,0.015727272727272725,-1.2636363636363637,-0.103,0.19526554929484283,854591,0.098178,2466249
12,2023,Oil seeds and oleaginous fruits,1,Agriculture,0.08490223478269061,0.8191818181818181,0.06209090909090909,-1.2349999999999999,-0.19700000000000004,0.45668814658361406,1345958,0.12216890909090909,2910471
13,2020,Lac and other vegetable extracts,1,Agriculture,0.17518807137517606,0.7785,-0.2275,-1.764,-0.147,0.05181781895530674,588607,0.777692,5688026
13,2021,Lac and other vegetable extracts,1,Agriculture,0.17630462238242955,0.7735000000000001,-0.2245,-1.839,-0.036,0.055512152117606094,568702,0.8836765000000001,6848801
13,2022,Lac and other vegetable extracts,1,Agriculture,0.15377769714979037,0.7785,-0.191,-1.758,-0.103,0.13011101504994416,931385,0.512461,3926579
13,2023,Lac and other vegetable extracts,1,Agriculture,0.1481318369892058,0.7705,-0.1995,-1.8335,-0.197,0.12796741060773392,1581658,0.7403505,6239213
14,2020,Other vegetable materials,1,Agriculture,0.4019867351860769,0.7995,-0.15949999999999998,-1.3425,-0.147,0.47595354792116157,39500,0.153415,74336
14,2021,Other vegetable materials,1,Agriculture,0.40831043581253607,0.792,-0.10850000000000001,-1.2835,-0.036,0.3813318886631731,51346,0.2096865,114883
14,2022,Other vegetable materials,1,Agriculture,0.365256273606729,0.769,-0.2055,-1.5675,-0.103,0.44443830367340925,72375,0.142646,102455
14,2023,Other vegetable materials,1,Agriculture,0.3616576166121246,0.7795000000000001,-0.17800000000000002,-1.5645,-0.197,0.41515478980852943,54553,0.1363715,86747
15,2020,"Animal or vegetable fats, oils or waxes",1,Agriculture,0.2892191082543857,0.8271666666666666,0.23255555555555554,-0.8391666666666667,-0.147,0.3223174847700388,3542242,0.5021559444444444,33413090
15,2021,"Animal or vegetable fats, oils or waxes",1,Agriculture,0.253328416748404,0.8187777777777777,0.2145,-0.8305555555555555,-0.036,0.20154049959420148,4243706,0.6233481666666667,64460517
15,2022,"Animal or vegetable fats, oils or waxes",1,Agriculture,0.27856462485699635,0.7984705882352942,0.14852941176470588,-0.8007647058823529,-0.103,0.16001732608900032,5834328,0.863464705882353,96624901
15,2023,"Animal or vegetable fats, oils or waxes",1,Agriculture,0.2713603924068975,0.8148235294117647,0.13247058823529412,-0.7319411764705882,-0.197,0.18121414756368248,5234233,0.6112850588235293,50759674
16,2020,Preparations of meat or fish,1,Agriculture,0.17804635489305398,0.8103999999999999,0.1484,-0.6698000000000001,-0.147,0.17169103937823357,256329,0.3432494,5837294
16,2021,Preparations of meat or fish,1,Agriculture,0.17954293072452748,0.8054,0.22240000000000001,-0.5279999999999999,-0.036,0.0738882918404206,225779,0.219852,4389384
16,2022,Preparations of meat or fish,1,Agriculture,0.17082806242620613,0.7928,0.2844,-0.4742,-0.10300000000000001,0.13155645518594006,361948,0.1684524,3269182
16,2023,Preparations of meat or fish,1,Agriculture,0.15829727790908224,0.8042,0.24459999999999998,-0.5402,-0.197,0.08786656806374862,230758,0.058372400000000005,1760202
17,2020,Sugar and candy,1,Agriculture,0.05521935586015438,0.7685,0.11000000000000001,-1.1324999999999998,-0.147,0.6159234772567708,121733611,10.02835725,129363225
17,2021,Sugar and candy,1,Agriculture,0.05825960474742556,0.77125,0.14425,-0.96425,-0.036,0.5788392159751239,124992515,10.972685749999998,138104563
17,2022,Sugar and candy,1,Agriculture,0.05972699461250601,0.753,0.159,-0.9765,-0.103,0.49808876863710955,124176015,11.1243235,138915005
17,2023,Sugar and candy,1,Agriculture,0.055206265649493706,0.7755,0.1705,-0.91825,-0.197,0.40290634539789166,132040207,10.00845075,154189999
18,2020,Cocoa,1,Agriculture,0.17420983953099292,0.8042,0.24980000000000002,-1.0164,-0.147,0.31016731923813284,54620096,8.461658400000001,169492890
18,2021,Cocoa,1,Agriculture,0.1448807115448849,0.8084,0.2634,-0.9362,-0.036,0.28092976655800533,49288411,8.1038556,187421823
18,2022,Cocoa,1,Agriculture,0.16120887548126206,0.7782,0.11379999999999998,-0.8068,-0.10300000000000001,0.25625560324900454,44937491,8.768167,142518309
18,2023,Cocoa,1,Agriculture,0.13995961372816298,0.805,0.1865,-1.1285,-0.19699999999999998,0.12279949142770992,39976480,7.7582171666666655,205066705
19,2020,"Preparations of cereals, flour, starch or milk",1,Agriculture,0.0692356710319138,0.7874000000000001,0.1476,-0.7452,-0.147,0.3149860391475107,17655451,4.8939538,56132191
19,2021,"Preparations of cereals, flour, starch or milk",1,Agriculture,0.06758537563422476,0.7818,0.1024,-0.7006,-0.036,0.31505584325190894,20766773,3.0528146,75934603
19,2022,"Preparations of cereals, flour, starch or milk",1,Agriculture,0.061588087367834644,0.763,0.11779999999999999,-0.6606,-0.10300000000000001,0.22119112214685793,18036025,1.5548237999999999,85876014
19,2023,"Preparations of cereals, flour, starch or milk",1,Agriculture,0.058106469751129694,0.7807999999999999,0.063,-0.5958,-0.197,0.30123127111119075,23170066,1.6174545999999999,101966105
20,2020,"Preparations of vegetables, fruit, or nuts",1,Agriculture,0.08453673703673657,0.7959999999999999,0.13588888888888886,-0.7563333333333333,-0.147,0.44613801278509485,38896072,1.1224634444444446,60008795
20,2021,"Preparations of vegetables, fruit, or nuts",1,Agriculture,0.07124471249080098,0.7921111111111111,0.16133333333333333,-0.7278888888888889,-0.036,0.4081094566878425,68993067,1.5530675555555555,98214352
20,2022,"Preparations of vegetables, fruit, or nuts",1,Agriculture,0.07446549675720157,0.7772222222222223,0.07633333333333332,-0.6516666666666667,-0.103,0.5144903611854486,84172703,2.072980888888889,125940033
20,2023,"Preparations of vegetables, fruit, or nuts",1,Agriculture,0.0720555241554053,0.7938888888888889,0.10077777777777779,-0.6315555555555555,-0.197,0.5384908131471943,83353934,1.705534,126271169
21,2020,Miscellaneous edible preparations,1,Agriculture,0.05853606836902125,0.7841666666666667,0.055833333333333325,-0.41650000000000004,-0.147,0.22443958750422785,44599991,1.8754351666666667,103296930
21,2021,Miscellaneous edible preparations,1,Agriculture,0.05760756754511709,0.7831666666666667,0.13183333333333333,-0.3993333333333333,-0.036,0.3077171934270686,31709889,1.5723341666666668,80399285
21,2022,Miscellaneous edible preparations,1,Agriculture,0.05395282021924574,0.7623333333333333,0.06383333333333334,-0.37800000000000006,-0.103,0.20173719631131737,30451576,1.6583945,79517716
21,2023,Miscellaneous edible preparations,1,Agriculture,0.06607625362489149,0.782,0.0705,-0.311,-0.19699999999999998,0.16352054242566058,36679638,1.8382868333333333,98932784
22,2020,Beverages,1,Agriculture,0.004852482477607796,0.8095555555555555,0.19244444444444445,-0.45366666666666666,-0.147,0.2210316889565271,36220438,1.5166596666666665,129682067
22,2021,Beverages,1,Agriculture,0.0048960772502018145,0.7977777777777777,0.13133333333333333,-0.5017777777777778,-0.036,0.17147889193286936,40443377,1.7132444444444443,176539281
22,2022,Beverages,1,Agriculture,0.006224549803354737,0.7737777777777778,0.08166666666666667,-0.44488888888888894,-0.103,0.1541144422954655,34261515,1.9544918888888891,181082532
22,2023,Beverages,1,Agriculture,0.007616603278255264,0.7944444444444445,0.08533333333333332,-0.4641111111111111,-0.197,0.15565423703021747,39977973,1.7347012222222222,178867917
23,2020,Food residues and animal feed,1,Agriculture,0.10141082136503031,0.8057142857142858,0.13042857142857142,-0.9685714285714286,-0.147,0.023598652683772755,608888,0.23592871428571427,9959068
23,2021,Food residues and animal feed,1,Agriculture,0.0847849755730198,0.8084285714285714,0.054285714285714284,-1.0362857142857143,-0.036,0.027967765177112965,618055,0.13617414285714285,8195848
23,2022,Food residues and animal feed,1,Agriculture,0.0575853746000985,0.7928571428571428,0.09042857142857143,-0.9554285714285715,-0.103,0.05776238214924565,685611,0.3399735714285714,6211158
23,2023,Food residues and animal feed,1,Agriculture,0.05490517412855587,0.8028571428571428,0.08942857142857144,-1.0441428571428573,-0.197,0.07094902201079659,568284,0.200001,5011791
24,2020,Tobacco,1,Agriculture,0.017423320714123766,0.7573333333333334,0.0,-1.136,-0.147,0.6737321999561615,770311210,30.989884333333332,897161664
24,2021,Tobacco,1,Agriculture,0.015859026067925674,0.7563333333333334,0.0,-1.1563333333333334,-0.036,0.6877774216030925,1013720595,41.507048999999995,1180799449
24,2022,Tobacco,1,Agriculture,0.087028709974712,0.7360000000000001,0.0,-1.0753333333333333,-0.103,0.5904046397100217,721642184,40.45747133333333,967488530
24,2023,Tobacco,1,Agriculture,0.053932180831732145,0.757,0.0,-0.9786666666666667,-0.19699999999999998,0.6673743100767591,951939777,33.598345,1170548367
25,2020,"Salt, sulphur, lime, cement, etc.",3,Minerals,0.12492278089252504,0.8278846153846153,0.1438076923076923,-0.815576923076923,-0.147,0.2948114997470433,6094308,1.0010896923076922,69330453
25,2021,"Salt, sulphur, lime, cement, etc.",3,Minerals,0.1193488499129847,0.8185384615384615,0.1075,-0.811423076923077,-0.036,0.38096891508098235,11299329,1.253394576923077,85842089
25,2022,"Salt, sulphur, lime, cement, etc.",3,Minerals,0.16224144487459125,0.7976538461538462,0.08430769230769232,-0.9175769230769231,-0.103,0.36664536142074694,10851957,1.7233708461538462,95870507
25,2023,"Salt, sulphur, lime, cement, etc.",3,Minerals,0.09903574098065333,0.8206296296296296,0.08633333333333333,-0.9718148148148148,-0.197,0.40845486019261484,9920792,1.1309026666666666,110105712
26,2020,"Ores, slag and ash",3,Minerals,0.05067434949202489,0.8201428571428571,-0.0017142857142856999,-1.3178571428571428,-0.147,0.21984302407607714,355276,0.09663285714285715,18436288
26,2021,"Ores, slag and ash",3,Minerals,0.05675438464955772,0.811375,-0.0955,-1.749375,-0.036,0.34945256497287736,2104920,0.425303375,56135557
26,2022,"Ores, slag and ash",3,Minerals,0.02990142647814187,0.7859999999999999,-0.11142857142857143,-1.9384285714285716,-0.103,0.4997458851458667,4083344,0.3033498571428571,49806019
26,2023,"Ores, slag and ash",3,Minerals,0.03136836640697062,0.8048571428571429,0.052,-1.3274285714285714,-0.197,0.23250789089571414,1180676,0.2856807142857143,80994248
27,2020,"Mineral fuels, oils and waxes",3,Minerals,0.031119150486046375,0.8317272727272726,0.2051818181818182,-0.7341818181818183,-0.147,0.30727588454287696,6248326,0.16709136363636365,39920010
27,2021,"Mineral fuels, oils and waxes",3,Minerals,0.033548019001531634,0.8288461538461539,0.2426923076923077,-0.6503846153846153,-0.036,0.3085960055723417,34177167,0.1299796923076923,117529848
27,2022,"Mineral fuels, oils and waxes",3,Minerals,0.03243906921131126,0.8175384615384615,0.20476923076923076,-0.5972307692307692,-0.103,0.16504702329311852,2620550,0.093303,136727501
27,2023,"Mineral fuels, oils and waxes",3,Minerals,0.02506706176394811,0.8345384615384616,0.21376923076923077,-0.7360769230769232,-0.197,0.1137391739417603,4622419,0.041941230769230765,43787563
28,2020,Inorganic chemicals,5,Chemicals,0.10651922767654233,0.8668125,0.5562708333333334,0.13289583333333335,-0.147,0.18370088567672316,2735771,0.20206675,7251394
28,2021,Inorganic chemicals,5,Chemicals,0.10980063846737266,0.8596938775510204,0.49079591836734693,0.0563673469387755,-0.036,0.20792433216842007,3474005,0.24917383673469387,14486170
28,2022,Inorganic chemicals,5,Chemicals,0.13405341263401505,0.8461777777777778,0.4307333333333333,0.15786666666666666,-0.103,0.17415367743360977,4435563,0.37015182222222226,18986986
28,2023,Inorganic chemicals,5,Chemicals,0.09651684534456258,0.8587499999999999,0.40045454545454545,0.04138636363636364,-0.19700000000000004,0.3013072237727821,8784913,0.4033415454545455,18021370
29,2020,Organic chemicals,5,Chemicals,0.271182471621439,0.881948717948718,0.9862307692307692,1.0197948717948717,-0.147,0.11681130210039793,4266456,0.13277207692307694,21272006
29,2021,Organic chemicals,5,Chemicals,0.2884841606228409,0.8759,0.8993,0.9895999999999999,-0.036,0.17581986409910919,6228331,0.10397492499999998,19898724
29,2022,Organic chemicals,5,Chemicals,0.30270579196386505,0.8661578947368421,0.9528421052631578,1.013921052631579,-0.103,0.160515613448961,3851339,0.12892997368421052,23648457
29,2023,Organic chemicals,5,Chemicals,0.24929373851059453,0.8792631578947369,0.9728421052631578,0.918578947368421,-0.197,0.22489452028700987,1567963,0.08627302631578948,17943487
30,2020,Pharmaceutical products,5,Chemicals,0.18108825807570003,0.8555,0.7006666666666667,0.9341666666666667,-0.147,0.17421307413675327,130785669,6.336377,318928819
30,2021,Pharmaceutical products,5,Chemicals,0.1753357435744418,0.8458333333333333,0.5998333333333333,0.8538333333333333,-0.036,0.18145553008071502,151810983,5.5208371666666665,299208116
30,2022,Pharmaceutical products,5,Chemicals,0.1677432671762696,0.835,0.6236666666666667,0.8783333333333333,-0.103,0.19676620129759556,157766497,6.299579833333333,312048183
30,2023,Pharmaceutical products,5,Chemicals,0.13621086083131523,0.852,0.6545,0.9308333333333333,-0.19699999999999998,0.3022741968933245,256501876,7.396083999999999,414984419
31,2020,Fertilisers,5,Chemicals,0.009615964554953425,0.8028000000000001,0.0008000000000000007,-0.8398,-0.147,0.2093627891764201,4326944,1.1438418000000001,26186226
31,2021,Fertilisers,5,Chemicals,0.009111533712405053,0.7964,-0.007200000000000001,-0.9992000000000001,-0.036,0.17237598948266375,6092771,1.1122118,30681824
31,2022,Fertilisers,5,Chemicals,0.007050784827571927,0.7836000000000001,-0.0158,-1.0112,-0.10300000000000001,0.2580163156345817,7545894,1.2406826,39455956
31,2023,Fertilisers,5,Chemicals,0.00525107093819943,0.7968,-0.0412,-1.1808,-0.197,0.24645374156535213,7679232,1.0866284,33336979
32,2020,"Dyes, paints, inks, etc.",5,Chemicals,0.08728168622439739,0.8433333333333334,0.6221333333333334,0.12453333333333334,-0.147,0.2010974143306303,3117323,0.4461561333333333,15593789
32,2021,"Dyes, paints, inks, etc.",5,Chemicals,0.08600927165629955,0.8336,0.5362666666666667,0.1464,-0.036,0.23514079147781783,2932936,0.6364165333333334,23440930
32,2022,"Dyes, paints, inks, etc.",5,Chemicals,0.08102779735841158,0.8141999999999999,0.4558,0.1627333333333333,-0.103,0.15410452281383683,1638731,0.6919419333333334,21960207
32,2023,"Dyes, paints, inks, etc.",5,Chemicals,0.07258583639664283,0.8361333333333333,0.5882000000000001,0.1532,-0.197,0.2765455952617225,2479681,0.3764147333333333,18678212
33,2020,Essential oils,5,Chemicals,0.08843413091209687,0.821,0.3734285714285714,-0.04871428571428571,-0.147,0.3177601051965779,35083473,0.9491188571428572,79481471
33,2021,Essential oils,5,Chemicals,0.08637054545099511,0.812,0.3125714285714286,-0.02142857142857144,-0.036,0.40565294739479146,38904934,0.8085287142857143,74062101
33,2022,Essential oils,5,Chemicals,0.08126778242302157,0.7922857142857144,0.23542857142857146,0.04185714285714288,-0.103,0.40585329641263695,43610106,0.8699662857142857,75279717
33,2023,Essential oils,5,Chemicals,0.07107330816064303,0.8057142857142857,0.35728571428571426,0.04700000000000002,-0.197,0.39176707353901785,38754794,0.9170205714285714,78917418
34,2020,"Soaps, waxes, and paints",5,Chemicals,0.2092784031890844,0.83725,0.6585,0.245875,-0.147,0.32630036148679165,31913876,2.347154125,52939945
34,2021,"Soaps, waxes, and paints",5,Chemicals,0.23368584149768398,0.8292857142857143,0.7015714285714285,0.37400000000000005,-0.036,0.47019071437215215,46342337,3.1568664285714285,74586497
34,2022,"Soaps, waxes, and paints",5,Chemicals,0.24007594968138105,0.8118571428571428,0.6702857142857143,0.3807142857142857,-0.103,0.5655793055703241,38320736,3.0704247142857146,58517943
34,2023,"Soaps, waxes, and paints",5,Chemicals,0.2357431984257021,0.8295714285714286,0.671,0.38171428571428573,-0.197,0.39150298516995846,60165228,3.3946295714285712,84093617
35,2020,Albuminoidals; modified starches; glues; enzymes,5,Chemicals,0.11015169783972566,0.8715,0.9608333333333334,0.549,-0.147,0.045993772863029594,561707,0.0859435,2630244
35,2021,Albuminoidals; modified starches; glues; enzymes,5,Chemicals,0.09882857697759706,0.8605,0.9673333333333334,0.6511666666666667,-0.036,0.043551489316136005,907693,0.1270105,4694903
35,2022,Albuminoidals; modified starches; glues; enzymes,5,Chemicals,0.10200969828017793,0.8435,0.8231666666666667,0.5653333333333334,-0.103,0.06422958568234452,1264481,0.15480966666666665,5333147
35,2023,Albuminoidals; modified starches; glues; enzymes,5,Chemicals,0.09834547126568688,0.8586666666666667,0.8498333333333333,0.6003333333333333,-0.19699999999999998,0.23554442645259469,864670,0.10318866666666669,3899631
36,2020,Explosives,5,Chemicals,0.21032957521035442,0.835,0.4051666666666667,-0.14050000000000004,-0.147,0.7761367891722887,95760,0.12694183333333334,130478
36,2021,Explosives,5,Chemicals,0.2745071794584979,0.81975,0.377,-0.259,-0.036,0.0,0,0.049634500000000005,103348
36,2022,Explosives,5,Chemicals,0.3098787998145157,0.7955,0.19775,-0.32025000000000003,-0.103,0.3312415365395498,183214,0.2699215,553113
36,2023,Explosives,5,Chemicals,0.2694966808877497,0.8109999999999999,0.236,-0.5204,-0.197,0.5725102038832188,739932,0.5743262,1724174
37,2020,Photographic or cinematographic goods,5,Chemicals,0.020657044660709126,0.8915000000000001,0.6428333333333334,1.3841666666666665,-0.147,0.40825904601554397,118458,3.808018,533809
37,2021,Photographic or cinematographic goods,5,Chemicals,0.012618047501572974,0.896,0.6912857142857144,1.5837142857142859,-0.036,0.021915038190317565,11137,0.072101,469500
37,2022,Photographic or cinematographic goods,5,Chemicals,0.02392548414352335,0.8752000000000001,0.7282,1.2247999999999999,-0.10300000000000001,0.0,0,0.11340279999999998,309388
37,2023,Photographic or cinematographic goods,5,Chemicals,0.025744512456112926,0.8883333333333333,0.6006666666666667,0.9994999999999999,-0.19699999999999998,0.23174392529069818,24379,0.1527115,341396
38,2020,Miscellaneous chemical products,5,Chemicals,0.10944655265655445,0.8693043478260869,0.8407826086956522,0.5940869565217392,-0.147,0.3628772933497034,27553545,0.18742478260869563,36916339
38,2021,Miscellaneous chemical products,5,Chemicals,0.12114114884615246,0.8581818181818182,0.7642272727272726,0.5951363636363637,-0.036,0.3067193042333622,29137543,0.17618745454545454,46375295
38,2022,Miscellaneous chemical products,5,Chemicals,0.1310056643033106,0.8445909090909091,0.6800454545454545,0.5333636363636364,-0.103,0.236839377577475,5786387,0.20028772727272726,24272507
38,2023,Miscellaneous chemical products,5,Chemicals,0.11862308722379847,0.8634090909090909,0.7718181818181818,0.6059545454545454,-0.19700000000000004,0.31328636694789996,6404144,0.18465577272727274,26048401
39,2020,Plastics,5,Chemicals,0.22559208112218324,0.8453846153846154,0.6757307692307692,0.7226538461538462,-0.147,0.27674850200608986,293572394,1.2305976153846154,610412701
39,2021,Plastics,5,Chemicals,0.23430535352887005,0.8379615384615384,0.6689999999999999,0.7356538461538461,-0.036,0.25677009685524926,365283172,1.423927923076923,747069311
39,2022,Plastics,5,Chemicals,0.23608929416426638,0.8228461538461538,0.6335384615384615,0.6834230769230769,-0.103,0.2591480548322935,413277010,1.6323855,799629889
39,2023,Plastics,5,Chemicals,0.2127156938483793,0.8443846153846154,0.678076923076923,0.7538461538461539,-0.197,0.32597468767608767,491729686,1.418668653846154,886112618
40,2020,Rubber,5,Chemicals,0.2318857072844593,0.8462941176470589,0.6524117647058824,0.31241176470588233,-0.147,0.2698539012780655,2268923,1.0472594117647058,5081528
40,2021,Rubber,5,Chemicals,0.23724646857806586,0.8386470588235294,0.5840000000000001,0.2684705882352941,-0.036,0.32969646678330017,2748267,1.1005381176470588,6019874
40,2022,Rubber,5,Chemicals,0.23891362009736494,0.826764705882353,0.6328235294117647,0.3497647058823529,-0.103,0.2644186232593645,2822446,1.0812716470588235,9976289
40,2023,Rubber,5,Chemicals,0.22138405289444102,0.8421176470588234,0.6358235294117647,0.2551764705882353,-0.197,0.28648126764434084,1645506,0.3867069411764706,4020760
41,2020,Leather and skins,1,Agriculture,0.013383276723315452,0.810875,0.096,-1.0767499999999999,-0.147,0.16180585280091941,2195485,0.52958725,10708912
41,2021,Leather and skins,1,Agriculture,0.013302287547485898,0.8155,0.0635,-0.897125,-0.036,0.1553248357074501,2487932,0.532653875,12488339
41,2022,Leather and skins,1,Agriculture,0.02232620000872516,0.8068333333333334,0.15083333333333335,-0.9255,-0.103,0.19078765385519672,2217128,0.42082016666666666,14133492
41,2023,Leather and skins,1,Agriculture,0.015103832667749346,0.8165,0.16416666666666668,-1.1135,-0.19699999999999998,0.6930927290211081,802487,0.258905,10011530
42,2020,Articles of leather,1,Agriculture,0.4001403799788081,0.836,0.2778,-0.398,-0.147,0.7931406840861435,9330997,0.11068120000000001,10685000
42,2021,Articles of leather,1,Agriculture,0.4002909819225038,0.8304,0.3202,-0.202,-0.036,0.9418258790909156,15070537,0.5718148,16342738
42,2022,Articles of leather,1,Agriculture,0.4970768789800474,0.80325,0.2695,-0.26725,-0.103,0.8167928264546485,24969162,1.82656475,26656697
42,2023,Articles of leather,1,Agriculture,0.350166459971149,0.8218,0.2584,-0.53,-0.197,0.9391215078195334,25759780,1.4692832,27434511
43,2020,Furskins,1,Agriculture,0.4556283114265773,0.8465,0.1355,-0.5165,-0.147,1.0,5686,0.006367,5686
43,2021,Furskins,1,Agriculture,0.12469655954997971,0.843,0.10250000000000001,-0.05199999999999999,-0.036,,0,0.0,0
43,2022,Furskins,1,Agriculture,0.3267062850461431,0.8266666666666667,0.07166666666666667,-0.19533333333333336,-0.103,0.0,0,0.036137999999999997,5266
43,2023,Furskins,1,Agriculture,0.3244082225824258,0.8486666666666666,0.27799999999999997,-0.39799999999999996,-0.19699999999999998,0.5,1786,0.009394666666666667,3840
44,2020,Wood,1,Agriculture,0.2601317147525345,0.8257894736842105,0.304,-0.46678947368421053,-0.147,0.24934629462997082,702984,0.10609136842105263,2689406
44,2021,Wood,1,Agriculture,0.24414366362158835,0.8167500000000001,0.26270000000000004,-0.44325000000000003,-0.036,0.3831894822044041,749710,0.06784575000000001,2878195
44,2022,Wood,1,Agriculture,0.25039872530865115,0.8025238095238096,0.31466666666666665,-0.37457142857142856,-0.103,0.23851686325423674,1140042,0.11239838095238094,4498460
44,2023,Wood,1,Agriculture,0.25108247700300174,0.8137619047619047,0.3128095238095238,-0.4342380952380952,-0.197,0.4114827764431202,3354749,0.1747209523809524,7442735
45,2020,Cork,1,Agriculture,0.03180510512072329,0.86275,0.13325,-0.367,-0.147,0.3333333333333333,4938,0.02425,26575
45,2021,Cork,1,Agriculture,0.025372948984532264,0.8556666666666667,0.17033333333333334,-0.5486666666666666,-0.036,0.5,10946,0.02693066666666667,12088
45,2022,Cork,1,Agriculture,0.03685825291957306,0.8409999999999999,0.27066666666666667,-0.6283333333333333,-0.103,0.0,0,0.017673,25034
45,2023,Cork,1,Agriculture,0.02199356800478013,0.8526666666666666,0.20766666666666667,-0.6116666666666667,-0.19699999999999998,0.0,0,0.0014403333333333334,1636
46,2020,Manufactues of plaiting materials,1,Agriculture,0.7635712572954552,0.813,0.010499999999999999,-1.6215000000000002,-0.147,0.4686915785874839,128863,0.0667465,144565
46,2021,Manufactues of plaiting materials,1,Agriculture,0.7802366166719018,0.7955000000000001,-0.049,-1.4104999999999999,-0.036,0.9614333196849635,159671,0.052781,166076
46,2022,Manufactues of plaiting materials,1,Agriculture,0.7664217658408696,0.7815000000000001,0.010499999999999999,-1.4580000000000002,-0.103,0.951274736801709,148728,0.060282,156346
46,2023,Manufactues of plaiting materials,1,Agriculture,0.719329916103753,0.791,-0.0225,-1.3980000000000001,-0.197,0.9735659881573689,160800,0.063964,165166
47,2020,Pulp of wood,1,Agriculture,0.025341791656967573,0.854,0.38525,0.21375,-0.147,0.01739319248522441,161247,0.7109535,9270696
47,2021,Pulp of wood,1,Agriculture,0.020715007459974063,0.8455,0.305,0.03950000000000001,-0.036,0.07068339371630163,1402829,0.985663,19846656
47,2022,Pulp of wood,1,Agriculture,0.04476012184176925,0.8462,0.42780000000000007,0.22420000000000004,-0.10300000000000001,0.06648022919855914,2872196,1.0376928,21632489
47,2023,Pulp of wood,1,Agriculture,0.010395845401194988,0.85575,0.372,0.19449999999999995,-0.197,0.0492985304694601,702705,0.9854035,14254076
48,2020,Paper and paperboard,1,Agriculture,0.19539104807973828,0.8314090909090909,0.44563636363636366,0.23577272727272727,-0.147,0.2980848520965769,36182627,1.2110195,100137777
48,2021,Paper and paperboard,1,Agriculture,0.18963860708510608,0.8297272727272728,0.5067727272727273,0.2125,-0.036,0.44227473497537834,53390089,1.5165291363636364,123413677
48,2022,Paper and paperboard,1,Agriculture,0.20119591118655783,0.8121818181818181,0.47627272727272724,0.18922727272727274,-0.103,0.3650451004046247,55906731,1.5932780454545457,132168111
48,2023,Paper and paperboard,1,Agriculture,0.19574497894299697,0.8274090909090909,0.4903636363636364,0.1715909090909091,-0.19700000000000004,0.38564231716863046,44870538,1.2721696363636363,113437020
49,2020,Products of the printing industry,1,Agriculture,0.3721800677288317,0.8536999999999999,0.7233,0.3404,-0.147,0.22748603571070014,2037379,0.1463247,3626582
49,2021,Products of the printing industry,1,Agriculture,0.3291940423346933,0.8490909090909091,0.6194545454545455,0.4838181818181818,-0.036,0.3043235323876765,2631045,0.2870850909090909,5140157
49,2022,Products of the printing industry,1,Agriculture,0.3185045793616697,0.8306363636363637,0.49563636363636365,0.3059090909090909,-0.103,0.39319655717654395,2756577,0.2002998181818182,5816041
49,2023,Products of the printing industry,1,Agriculture,0.2991321071654051,0.8468181818181818,0.5296363636363637,0.38145454545454544,-0.19700000000000004,0.5121965295187387,4387537,0.15252127272727273,6354938
50,2020,Silk,0,Textiles,0.0446861013485091,0.8725,0.6345000000000001,-0.24750000000000003,-0.147,0.0,0,0.0013025,1005
50,2021,Silk,0,Textiles,0.44764913126477235,0.865,0.563,-0.03950000000000001,-0.036,1.0,51692,0.272836,51692
50,2022,Silk,0,Textiles,0.4912066288613776,0.85,0.40800000000000003,-0.5005,-0.103,,0,0.0,0
50,2023,Silk,0,Textiles,0.36205064978129525,0.8686666666666666,0.4046666666666667,0.13999999999999999,-0.19699999999999998,0.0,0,0.0023683333333333334,3540
51,2020,Wool,0,Textiles,0.023949241301704838,0.8576,0.441,-0.6776,-0.147,0.4265952437014363,9948,0.0070692,17791
51,2021,Wool,0,Textiles,0.08340577321393983,0.8565999999999999,0.3848,-0.85,-0.036,0.5021715081738846,7110,0.1089824,371584
51,2022,Wool,0,Textiles,0.11472386048126944,0.8435714285714285,0.3732857142857143,-0.5724285714285714,-0.103,0.6999432827919991,76249,0.07428971428571428,93389
51,2023,Wool,0,Textiles,0.05095186408111518,0.8546666666666667,0.42783333333333334,-0.714,-0.19699999999999998,0.676061077310634,4168,0.006239000000000001,39788
52,2020,Cotton,0,Textiles,0.18062186482023332,0.7976666666666667,-0.05466666666666666,-1.2881666666666667,-0.147,0.07702940429235129,749437,27.623741416666665,119884318
52,2021,Cotton,0,Textiles,0.15257688702066388,0.7955833333333334,-0.01558333333333333,-1.1876666666666666,-0.036,0.01477617890616272,481380,35.125331,181132859
52,2022,Cotton,0,Textiles,0.12007183000083228,0.7843333333333334,-0.008749999999999999,-1.3380833333333333,-0.103,0.0033683458836836757,233283,39.49305666666667,181895238
52,2023,Cotton,0,Textiles,0.11258547372036976,0.7985833333333333,-0.006916666666666668,-1.2630000000000001,-0.19699999999999998,0.06338649547160294,7539856,27.856438333333333,153571116
53,2020,Other vegetable textile fibres,0,Textiles,0.05937085797311916,0.8284285714285715,0.12414285714285714,-1.1448571428571428,-0.147,0.42977328551640465,1955739,2.2315750000000003,2306583
53,2021,Other vegetable textile fibres,0,Textiles,0.0553926695492151,0.809,0.15,-0.9048333333333334,-0.036,0.7097677982969257,3510375,4.782088166666667,3621922
53,2022,Other vegetable textile fibres,0,Textiles,0.1187799660822374,0.8130000000000001,0.24833333333333332,-0.8026666666666666,-0.103,0.5834307100718223,2350262,4.4005358333333335,2457515
53,2023,Other vegetable textile fibres,0,Textiles,0.06926094944067847,0.826,0.2718,-1.1481999999999999,-0.197,0.27945141097733145,302054,0.4042438,469668
54,2020,Man-made filaments,0,Textiles,0.2950256634217792,0.8365714285714285,0.4402857142857143,-0.11514285714285712,-0.147,0.13995436334422723,19610771,1.8544824285714285,30296058
54,2021,Man-made filaments,0,Textiles,0.28715057595952914,0.8257142857142857,0.3987142857142857,-0.023571428571428583,-0.036,0.1656609865304837,26406233,1.7953244285714285,37606563
54,2022,Man-made filaments,0,Textiles,0.2974236303277779,0.8188571428571428,0.4161428571428572,-0.03228571428571428,-0.103,0.43704810124584237,21060572,1.541624857142857,32606088
54,2023,Man-made filaments,0,Textiles,0.2606699592101211,0.8414285714285714,0.5381428571428571,0.1442857142857143,-0.197,0.24752692365912074,21866764,1.3262767142857144,33257047
55,2020,Man-made staple fibres,0,Textiles,0.3184795120113425,0.8371333333333334,0.3968666666666667,-0.28653333333333336,-0.147,0.2547182707551413,820279,0.29204573333333333,3621118
55,2021,Man-made staple fibres,0,Textiles,0.26392897147592853,0.833875,0.304,-0.21893749999999998,-0.036,0.429892679995453,1589981,0.22486024999999998,4142129
55,2022,Man-made staple fibres,0,Textiles,0.2547828989860017,0.8097692307692307,0.29092307692307695,-0.2806153846153846,-0.103,0.38900676482526014,2158012,0.5680095384615385,9951301
55,2023,Man-made staple fibres,0,Textiles,0.2147733651269776,0.8333333333333334,0.37766666666666665,-0.22473333333333334,-0.197,0.40987943267250015,2341538,0.2760356,5713258
56,2020,"Wadding, felt and nonwovens",0,Textiles,0.42409775454129855,0.8317777777777777,0.5133333333333333,0.04688888888888888,-0.147,0.42342104979764433,2975113,0.6861349999999999,6302187
56,2021,"Wadding, felt and nonwovens",0,Textiles,0.40581832644925747,0.8138888888888889,0.3671111111111111,0.009222222222222206,-0.036,0.5719335137675495,4894850,0.7188497777777778,7919999
56,2022,"Wadding, felt and nonwovens",0,Textiles,0.4021174735793714,0.8182222222222222,0.6267777777777778,0.16922222222222222,-0.103,0.3482840257398586,2825393,0.4940092222222222,5768046
56,2023,"Wadding, felt and nonwovens",0,Textiles,0.35372337491561406,0.8313333333333334,0.6041111111111112,0.158,-0.197,0.43399009697351065,4587203,0.43554655555555555,6847770
57,2020,Carpets,0,Textiles,0.24227292058423258,0.8417999999999999,0.3068,-0.541,-0.147,0.24483822648637374,17049,0.0034548,38350
57,2021,Carpets,0,Textiles,0.23482222513806678,0.8341999999999998,0.28400000000000003,-0.5656,-0.036,0.2296482899004201,15847,0.0039005999999999997,43309
57,2022,Carpets,0,Textiles,0.2718306507827636,0.8218,0.2822,-0.5439999999999999,-0.10300000000000001,0.0,0,0.0018832000000000002,15376
57,2023,Carpets,0,Textiles,0.26751330013050756,0.8362,0.309,-0.5316,-0.197,0.0,0,0.0042226,51380
58,2020,Special woven fabrics,0,Textiles,0.37757209412371473,0.8175555555555555,0.14322222222222222,-0.33111111111111113,-0.147,0.17054646922239483,3336191,2.0583686666666665,9993821
58,2021,Special woven fabrics,0,Textiles,0.41505564257280747,0.8067142857142857,0.204,-0.1942857142857143,-0.036,0.22439554915925175,6206062,5.9368808571428575,19180142
58,2022,Special woven fabrics,0,Textiles,0.43529816284449957,0.8026666666666666,0.12544444444444444,-0.3516666666666667,-0.103,0.4138120220796434,4743649,2.981562,12076894
58,2023,Special woven fabrics,0,Textiles,0.3723053433747253,0.8323,0.18380000000000002,-0.1613,-0.197,0.4389439442004638,6441705,0.9095594,8952560
59,2020,"Impregnated, coated or laminated textile fabrics",0,Textiles,0.29031657858071847,0.8684545454545455,0.7134545454545455,0.5746363636363636,-0.147,0.23720841463146794,6785226,2.5772250909090912,9496411
59,2021,"Impregnated, coated or laminated textile fabrics",0,Textiles,0.32275899417403014,0.8568999999999999,0.6940999999999999,0.6742,-0.036,0.23550936374395803,2276049,1.7511174999999999,6888351
59,2022,"Impregnated, coated or laminated textile fabrics",0,Textiles,0.3427300762265068,0.8446,0.6949,0.6632,-0.10300000000000001,0.44456131660880516,4787794,2.3033255,7634188
59,2023,"Impregnated, coated or laminated textile fabrics",0,Textiles,0.2988265995749561,0.8652727272727273,0.7288181818181818,0.7594545454545454,-0.19700000000000004,0.3921077129708311,1520713,0.8415995454545455,3318167
60,2020,Knitted fabrics,0,Textiles,0.5390652845306533,0.8385,0.11800000000000001,-0.28700000000000003,-0.147,0.25938808223826687,1349881,0.10229150000000001,2607702
60,2021,Knitted fabrics,0,Textiles,0.5004109840801891,0.8235,0.02,-0.256,-0.036,0.13490725600857992,191828,0.0429335,1421925
60,2022,Knitted fabrics,0,Textiles,0.46405845382449784,0.8069999999999999,0.006,-0.558,-0.103,0.5674310086115348,571261,0.141957,4185105
60,2023,Knitted fabrics,0,Textiles,0.44801468915787046,0.8220000000000001,0.0345,-0.49050000000000005,-0.197,0.040943870909621365,198159,0.078893,2442028
61,2020,"Apparel, knit",0,Textiles,0.5985917349621817,0.767375,-0.064625,-1.2745625,-0.147,0.6743527524216948,226580343,1.798300625,334779855
61,2021,"Apparel, knit",0,Textiles,0.584021058518915,0.76325,-0.0876875,-1.1559375,-0.036,0.6805648823697674,306174224,1.82381575,445775048
61,2022,"Apparel, knit",0,Textiles,0.6054325197097751,0.7443529411764706,-0.055058823529411764,-1.228235294117647,-0.103,0.7008099816799955,337495349,2.093857294117647,492726713
61,2023,"Apparel, knit",0,Textiles,0.5878775230958804,0.7607058823529412,-0.03964705882352941,-1.2809411764705882,-0.197,0.6776242531027075,488278363,2.479639823529412,656255769
62,2020,"Apparel, not knit",0,Textiles,0.586793653862183,0.7909411764705883,0.031882352941176466,-1.0348235294117647,-0.147,0.8273437516339927,73463858,1.5519161176470586,86367097
62,2021,"Apparel, not knit",0,Textiles,0.5668257818870424,0.7888823529411765,0.040705882352941175,-0.8744705882352941,-0.036,0.78363895819352,87185408,1.3449046470588237,103881245
62,2022,"Apparel, not knit",0,Textiles,0.5727655780210164,0.7701176470588236,0.07552941176470589,-0.927235294117647,-0.103,0.8995639914613776,106650552,2.0992379411764706,123678502
62,2023,"Apparel, not knit",0,Textiles,0.544033550317832,0.7872352941176471,0.09694117647058824,-0.9417058823529412,-0.197,0.799802381747274,109185351,1.7372696470588236,127226794
63,2020,Other made up textile articles,0,Textiles,0.5124846044510387,0.8013999999999999,0.0769,-0.8933,-0.147,0.4609428578686767,69926554,10.2138266,109449786
63,2021,Other made up textile articles,0,Textiles,0.4826692857272433,0.7935000000000001,0.0793,-0.8099000000000001,-0.036,0.3796430740690221,61224532,8.4329961,105531348
63,2022,Other made up textile articles,0,Textiles,0.4766494840960144,0.7773,0.1046,-0.8762000000000001,-0.10300000000000001,0.4571883805263043,69152357,7.962285199999999,107862073
63,2023,Other made up textile articles,0,Textiles,0.44669772070732233,0.7933,0.1032,-0.8764,-0.197,0.40435645491703853,76631712,7.0425112,104988586
64,2020,Footwear,0,Textiles,0.752603344603557,0.7936666666666667,0.010666666666666666,-0.6881666666666666,-0.147,0.7698385781513042,152997532,15.967028666666664,239616467
64,2021,Footwear,0,Textiles,0.7531157658066587,0.7821666666666668,0.006833333333333334,-0.6763333333333333,-0.036,0.8584375354830284,185449319,12.824425333333332,215191234
64,2022,Footwear,0,Textiles,0.7343582714555756,0.7638333333333334,0.0165,-0.6978333333333334,-0.103,0.8184458240148325,170925747,13.399689666666667,205967032
64,2023,Footwear,0,Textiles,0.6952958593064346,0.7818333333333333,0.024166666666666666,-0.6755,-0.19699999999999998,0.7972076827593026,186033773,11.618230666666667,235486131
65,2020,Headgear,0,Textiles,0.6261491331245667,0.8480000000000001,0.43660000000000004,-0.4098,-0.147,0.607681756519397,992019,0.42820659999999994,1999853
65,2021,Headgear,0,Textiles,0.5162581936394584,0.8263333333333334,0.22016666666666665,-0.6141666666666666,-0.036,0.8302888799415516,2366907,1.0504425,2971544
65,2022,Headgear,0,Textiles,0.49133187456190097,0.7974,0.3362,-0.5132,-0.10300000000000001,0.8800089069886964,2569675,1.4472258,2977356
65,2023,Headgear,0,Textiles,0.44868936141022014,0.8216000000000001,0.24219999999999997,-0.4596,-0.197,0.7798884988550446,3958004,0.9886189999999999,4550683
66,2020,Umbrellas and walking-sticks,0,Textiles,0.8936366750461264,0.8426666666666667,0.24,0.16333333333333333,-0.147,0.0,0,1.2981393333333333,441330
66,2021,Umbrellas and walking-sticks,0,Textiles,0.9129417195745652,0.8593333333333333,0.48266666666666663,0.37399999999999994,-0.036,0.4607714167788601,17548,0.025967,64894
66,2022,Umbrellas and walking-sticks,0,Textiles,0.8956203221475132,0.8516666666666666,0.25133333333333335,0.2273333333333333,-0.103,0.2371888764182708,13934,0.024988333333333335,88902
66,2023,Umbrellas and walking-sticks,0,Textiles,0.8770921042117008,0.8586666666666667,0.441,0.3539999999999999,-0.19699999999999998,0.015818800563443487,5076,0.057328,320884
67,2020,Feathers and down,0,Textiles,0.7678446564393683,0.83925,0.073,-1.0510000000000002,-0.147,0.5495917970130172,2715881,2.5465315,3336182
67,2021,Feathers and down,0,Textiles,0.7080116231936365,0.824,0.0,-0.6896666666666667,-0.036,0.5873789039272376,3771225,1.6919313333333335,4721449
67,2022,Feathers and down,0,Textiles,0.7724237179350093,0.81825,0.0005,-0.9525,-0.103,0.5011035480085875,2721828,1.5901935000000003,4269129
67,2023,Feathers and down,0,Textiles,0.7187226569652736,0.83575,0.0005,-0.906,-0.197,0.7364810989117694,3257321,1.0928645000000001,3955372
68,2020,"Articles of stone, plaster, cement, etc.",2,Stone,0.1888628640055056,0.8482,0.7202,0.33866666666666667,-0.147,0.3204960121189308,5033013,0.33147906666666666,9006756
68,2021,"Articles of stone, plaster, cement, etc.",2,Stone,0.19103462463845589,0.8361333333333333,0.6527999999999999,0.25593333333333335,-0.036,0.2480647831262061,7127576,0.5548635333333334,12725589
68,2022,"Articles of stone, plaster, cement, etc.",2,Stone,0.19614614408045716,0.8206,0.5870666666666666,0.13533333333333333,-0.103,0.3124544871941772,9351842,0.7371902,19009574
68,2023,"Articles of stone, plaster, cement, etc.",2,Stone,0.2074208135319509,0.8401333333333334,0.6277333333333334,0.1958666666666667,-0.197,0.3592555481357218,11901140,0.8620011333333334,22379517
69,2020,Ceramic products,2,Stone,0.37408875305327133,0.8528461538461538,0.5001538461538462,0.08261538461538463,-0.147,0.6365296849145469,14833976,0.8303601538461538,16840305
69,2021,Ceramic products,2,Stone,0.40028281389542525,0.8395384615384616,0.428076923076923,0.06815384615384616,-0.036,0.5066534102988146,14504176,0.7611104615384614,16520249
69,2022,Ceramic products,2,Stone,0.4008439460522061,0.826,0.46846153846153843,-0.0683076923076923,-0.103,0.325498884165372,8029379,0.5521506153846154,10724477
69,2023,Ceramic products,2,Stone,0.3573551741548093,0.8413076923076923,0.5103076923076924,0.161,-0.197,0.3870653714067527,6349169,0.4256103076923077,7854267
70,2020,Glass and glassware,2,Stone,0.25629369749838,0.8624736842105264,0.7652105263157895,0.5787368421052632,-0.147,0.43133264901165447,18658396,0.5814497368421053,3803185
70,2021,Glass and glassware,2,Stone,0.2616775011294489,0.854578947368421,0.7011578947368421,0.5251052631578947,-0.036,0.2903759679406389,22248358,1.5134185789473684,9829232
70,2022,Glass and glassware,2,Stone,0.2744788064107594,0.8416315789473684,0.6935789473684211,0.5046315789473684,-0.103,0.37105716323921994,16421067,1.2314526315789474,8164016
70,2023,Glass and glassware,2,Stone,0.2661893752214039,0.866111111111111,0.6931666666666667,0.7157777777777778,-0.197,0.30114555321804365,21458077,0.07625188888888888,2565544
71,2020,Precious metals and stones,2,Stone,0.0980459388282863,0.846125,0.3044375,-0.33256250000000004,-0.147,0.4767689941843339,491612177,1.510159375,2181119013
71,2021,Precious metals and stones,2,Stone,0.12645076487002857,0.842,0.3343125,-0.1635625,-0.036,0.5259611248857955,852544400,1.7093763124999999,2386312886
71,2022,Precious metals and stones,2,Stone,0.12782392811816495,0.8350588235294117,0.47882352941176476,0.06476470588235295,-0.103,0.5055126279266168,348740358,1.1993318235294117,1655546878
71,2023,Precious metals and stones,2,Stone,0.1385814363686043,0.8460666666666667,0.33053333333333335,-0.13579999999999998,-0.197,0.5454278163034625,746974667,1.4772292,1750143100
72,2020,Iron and steel,4,Metals,0.06117198130672386,0.84675,0.5636785714285714,0.23142857142857146,-0.147,0.14098114543202586,50812141,1.3447557500000002,407471296
72,2021,Iron and steel,4,Metals,0.0700301690765248,0.8410714285714286,0.5868928571428571,0.3478214285714286,-0.036,0.09721449360660704,79126394,1.2660488214285714,588957403
72,2022,Iron and steel,4,Metals,0.07726175141609556,0.8228928571428572,0.5618571428571428,0.25639285714285714,-0.103,0.09505117928370113,70457451,1.4711844285714286,656130902
72,2023,Iron and steel,4,Metals,0.05689148220764196,0.8437307692307693,0.642,0.31461538461538463,-0.197,0.11454072466784285,32155288,0.7143021923076923,238471586
73,2020,Articles of iron or steel,4,Metals,0.3158757859990322,0.8376538461538462,0.5437307692307692,0.21392307692307694,-0.147,0.3707241480287528,26857105,0.7255398461538461,48368222
73,2021,Articles of iron or steel,4,Metals,0.3309029432588527,0.8316923076923076,0.6329615384615385,0.31223076923076926,-0.036,0.3883831765877774,29131752,0.48465073076923076,55277597
73,2022,Articles of iron or steel,4,Metals,0.32924258230310005,0.8181153846153847,0.6428461538461538,0.2695,-0.103,0.28836396243591644,28527610,0.5216964615384615,55059741
73,2023,Articles of iron or steel,4,Metals,0.2992299306942223,0.8370384615384615,0.6523846153846153,0.20584615384615382,-0.197,0.4021609477568515,31701318,0.36992092307692304,51757165
74,2020,Copper,4,Metals,0.0989612069694037,0.858,0.6997142857142856,0.24635714285714289,-0.147,0.03773335727843559,2164390,0.15429849999999998,13918930
74,2021,Copper,4,Metals,0.09609426092549771,0.8470714285714286,0.6112142857142857,0.14999999999999997,-0.036,0.22427830163201565,2121254,0.10882535714285714,21503123
74,2022,Copper,4,Metals,0.09716714458013556,0.837,0.5775882352941177,0.01658823529411766,-0.103,0.04601203796513627,321747,0.10775229411764707,23649194
74,2023,Copper,4,Metals,0.09391266315907464,0.8478666666666667,0.6003333333333334,-0.03779999999999998,-0.197,0.4008783134847131,1303325,0.12145846666666667,24144227
75,2020,Nickel,4,Metals,0.01884351711891169,0.89325,0.99275,0.9185,-0.147,0.0,0,0.00932175,54799
75,2021,Nickel,4,Metals,0.023534595787356817,0.8725714285714286,0.7304285714285715,0.6684285714285715,-0.036,0.09045198532505352,94635,0.24028699999999997,10010038
75,2022,Nickel,4,Metals,0.14645703906092317,0.8747142857142858,0.7778571428571429,0.767,-0.103,0.5031838525128655,21856,0.022128285714285715,167523
75,2023,Nickel,4,Metals,0.17730077831417534,0.8885000000000001,0.9338333333333333,0.8191666666666665,-0.19699999999999998,0.0,0,0.04122233333333333,168126
76,2020,Aluminium,4,Metals,0.19432306586714254,0.8350625,0.44625000000000004,0.051875000000000004,-0.147,0.344825543424098,41559971,0.55149425,54840236
76,2021,Aluminium,4,Metals,0.21865583098427926,0.82625,0.4426875,0.03968750000000001,-0.036,0.39084290304156405,85991210,0.9830271875,114341991
76,2022,Aluminium,4,Metals,0.22193088835037625,0.8111875,0.39975,0.04868750000000001,-0.103,0.3237899605285242,63451582,0.8141655,92358285
76,2023,Aluminium,4,Metals,0.19216429186768855,0.8295625,0.4219375,0.028749999999999998,-0.197,0.4034022575057898,106545143,1.173239,138822491
78,2020,Lead,4,Metals,0.024353396517365324,0.80225,0.1595,-0.49824999999999997,-0.147,0.4612846676349876,4195920,1.50861525,8758461
78,2021,Lead,4,Metals,0.037134794519350756,0.80525,0.281,-0.515,-0.036,0.4953782979247238,3926390,0.85827075,7603701
78,2022,Lead,4,Metals,0.03214710153364978,0.7945,0.29025,-0.37475,-0.103,0.0,0,1.007723,2605224
78,2023,Lead,4,Metals,0.020533519248441254,0.8155,0.29300000000000004,-0.57475,-0.197,0.0,0,0.01779975,285496
79,2020,Zinc,4,Metals,0.09244865799897999,0.844,0.39683333333333337,0.028666666666666674,-0.147,0.1514751740209298,53230,0.48909033333333335,739911
79,2021,Zinc,4,Metals,0.060046993227785596,0.833,0.47939999999999994,-0.08860000000000001,-0.036,0.2706901421605583,91486,0.1963452,419766
79,2022,Zinc,4,Metals,0.0967053181002603,0.8231666666666667,0.3955,-0.03683333333333333,-0.103,0.005304816287143028,5981,0.7288971666666666,1727246
79,2023,Zinc,4,Metals,0.07261371304607313,0.8326666666666666,0.35083333333333333,-0.17566666666666667,-0.19699999999999998,0.21657366367642542,132754,0.8690559999999999,1939202
80,2020,Tin,4,Metals,0.11793760981999594,0.864,0.7046666666666667,0.35366666666666663,-0.147,0.5926820849154297,1717,0.005098333333333333,2897
80,2021,Tin,4,Metals,0.090943639780972,0.84775,0.2005,0.1955,-0.036,0.9993098865802442,1563221,1.43530925,1566449
80,2022,Tin,4,Metals,0.057560367935944774,0.8553333333333333,0.7010000000000001,0.2823333333333333,-0.103,0.0,0,0.02469266666666667,18202
80,2023,Tin,4,Metals,0.05130816415200981,0.858,0.5086666666666666,-0.10033333333333337,-0.19699999999999998,0.0,0,0.008705333333333334,5848
81,2020,Other base metals,4,Metals,0.13340315274538853,0.8873333333333333,0.698111111111111,0.48188888888888887,-0.147,0.4763247951882194,192301,0.08026833333333333,320996
81,2021,Other base metals,4,Metals,0.19014966959393337,0.8817272727272727,0.6960000000000001,0.5639090909090908,-0.036,0.6335357702204563,2377064,0.018903,79504
81,2022,Other base metals,4,Metals,0.19686896588963715,0.8621000000000001,0.6401,0.23789999999999994,-0.10300000000000001,0.45814746820904156,2891605,0.42534089999999997,975376
81,2023,Other base metals,4,Metals,0.164005777801851,0.8764,0.6446,0.4072,-0.197,0.818722610049501,1842713,0.6784048,1949897
82,2020,Metal tools and tableware,4,Metals,0.4900959272387677,0.8764666666666667,0.9044666666666666,0.8374666666666666,-0.147,0.41692093988776174,2496990,0.1369832666666667,3139573
82,2021,Metal tools and tableware,4,Metals,0.5018828066749291,0.8735333333333333,0.8287999999999999,0.8469333333333332,-0.036,0.487592130510935,2403594,0.12025240000000001,3582582
82,2022,Metal tools and tableware,4,Metals,0.5077292903718934,0.8619333333333333,0.8044666666666667,0.8410666666666666,-0.103,0.36642255141362096,1700304,0.11163506666666666,2794156
82,2023,Metal tools and tableware,4,Metals,0.4937653295069252,0.8704,0.7485999999999999,0.7899333333333334,-0.197,0.40279056028147225,1728882,0.17711386666666667,3110432
83,2020,Miscellaneous articles of base metal,4,Metals,0.4631245973108477,0.8469090909090908,0.6593636363636364,0.4561818181818182,-0.147,0.39016133557564636,44188795,0.9262339090909091,51556258
83,2021,Miscellaneous articles of base metal,4,Metals,0.4784999551404992,0.8367272727272728,0.5176363636363637,0.5315454545454545,-0.036,0.3349984420868726,49202280,1.073035,60307587
83,2022,Miscellaneous articles of base metal,4,Metals,0.49381514577036695,0.822,0.5977272727272728,0.4530909090909091,-0.103,0.3653298876238258,56941917,1.083150181818182,65966461
83,2023,Miscellaneous articles of base metal,4,Metals,0.44863529161694893,0.8387272727272727,0.5789090909090909,0.4586363636363636,-0.19700000000000004,0.22886513279889273,63103110,1.0828145454545455,72810502
84,2020,Industrial Machinery,7,Machinery,0.17515122544057346,0.8705180722891567,1.0996987951807229,1.0199277108433735,-0.147,0.3778175595559884,77020577,0.1979848313253012,110340390
84,2021,Industrial Machinery,7,Machinery,0.17431346385262897,0.8638571428571428,1.039654761904762,1.0121309523809525,-0.036,0.3786675021387954,100591824,0.21103508333333332,147208356
84,2022,Industrial Machinery,7,Machinery,0.18153945733302532,0.8513012048192771,1.0533975903614459,1.0312891566265059,-0.103,0.38399025299064254,129464814,0.1920479156626506,180027112
84,2023,Industrial Machinery,7,Machinery,0.15317273167158738,0.8658313253012049,1.0619638554216868,1.0481807228915663,-0.19699999999999998,0.3148889925477397,98662628,0.32489690361445783,156486044
85,2020,Electrical machinery and equipment,8,Electronics,0.3577025146389077,0.8665625,0.8738333333333334,0.9421875000000001,-0.147,0.5636721514321615,1081654404,1.1280069166666666,1194386423
85,2021,Electrical machinery and equipment,8,Electronics,0.36802917304228727,0.8544583333333334,0.8295416666666666,0.9009583333333334,-0.036,0.5474724370995523,1018744862,0.7199525208333334,1185638652
85,2022,Electrical machinery and equipment,8,Electronics,0.38670703637109427,0.8446304347826087,0.7823043478260869,0.9001956521739131,-0.103,0.44482634950843625,863512980,0.8252143478260869,1002973169
85,2023,Electrical machinery and equipment,8,Electronics,0.3362818905408877,0.8594782608695652,0.8407391304347825,0.8748260869565216,-0.19700000000000004,0.4755867724467068,1117049512,0.815588695652174,1302961610
86,2020,Trains,6,Vehicles,0.2247286017657728,0.8614999999999999,0.8153333333333334,0.5848333333333333,-0.147,0.4317935369604964,75843,0.004625666666666667,171319
86,2021,Trains,6,Vehicles,0.2924192161414251,0.8593999999999999,0.6336,0.3204,-0.036,0.11522828486431318,270282,0.1725816,1381757
86,2022,Trains,6,Vehicles,0.19039996816781743,0.8528571428571429,0.8442857142857143,0.6844285714285715,-0.103,0.27871780532435914,184444,0.00945257142857143,324131
86,2023,Trains,6,Vehicles,0.22758161951049205,0.8548,0.7072,0.2928,-0.197,0.12435329296018029,156161,0.0149004,484775
87,2020,Vehicles,6,Vehicles,0.24195926994789815,0.86175,0.9075,0.6014375,-0.147,0.19075107903151758,7481833,0.01411475,11799220
87,2021,Vehicles,6,Vehicles,0.2487873178618867,0.852,0.8148,0.5539333333333333,-0.036,0.23464769415407472,8673130,0.02248766666666667,16280296
87,2022,Vehicles,6,Vehicles,0.2320422348901437,0.8405625,0.83475,0.5873125,-0.103,0.16770989852267132,8532669,0.029578875,17071848
87,2023,Vehicles,6,Vehicles,0.21456878069663038,0.8553125,0.7945,0.5160625,-0.197,0.14213401080656368,9823871,0.02117725,18971180
88,2020,Aircraft,6,Vehicles,0.01635810311719567,0.8783333333333333,0.709,0.17866666666666667,-0.147,0.8427544372403561,1612153,0.018456999999999998,1912957
88,2021,Aircraft,6,Vehicles,0.0429305302928584,0.856,0.68625,0.4575,-0.036,0.3137429878344165,6042609,0.055585,7320513
88,2022,Aircraft,6,Vehicles,0.07148396057841161,0.8488,0.5656,0.315,-0.10300000000000001,0.3378395678111478,19679,0.0301364,1174956
88,2023,Aircraft,6,Vehicles,0.030533325261293282,0.85975,0.735,0.26,-0.197,0.920540201300547,5449299,0.03204175,5992733
89,2020,Ships,6,Vehicles,0.09665937241012264,0.8468,0.5092000000000001,-0.3832,-0.147,0.13959281799065684,549258,0.07403,2571830
89,2021,Ships,6,Vehicles,0.048118587670628,0.82575,0.29825,-0.63825,-0.036,0.11968562330683849,498304,0.021079,1175167
89,2022,Ships,6,Vehicles,0.07270321308385823,0.8251666666666666,0.43850000000000006,-0.3968333333333333,-0.103,0.36833286564175527,292182,0.06337416666666666,1879385
89,2023,Ships,6,Vehicles,0.037371533670457924,0.842,0.47950000000000004,-0.44049999999999995,-0.19699999999999998,0.2092396549505345,651069,0.09027083333333334,4626078
90,2020,"Apparatuses (optical, medical, etc.)",7,Machinery,0.2285456927184467,0.8752424242424243,1.0276060606060606,1.132121212121212,-0.147,0.4754085868983432,842830383,0.9574797878787878,1213059141
90,2021,"Apparatuses (optical, medical, etc.)",7,Machinery,0.22723011551567995,0.863909090909091,0.9098484848484849,1.1052424242424241,-0.036,0.47093025190656584,952454058,0.9899539696969697,1350212683
90,2022,"Apparatuses (optical, medical, etc.)",7,Machinery,0.23036470209393162,0.8506363636363635,0.855030303030303,1.0843636363636364,-0.103,0.5513303250747058,1038431395,1.1501153939393938,1468800637
90,2023,"Apparatuses (optical, medical, etc.)",7,Machinery,0.21770753811993987,0.8700303030303029,0.9753636363636363,1.0702121212121212,-0.197,0.5206565501535807,1262947727,0.8770605454545455,1721167604
91,2020,Clocks,7,Machinery,0.20782277930999699,0.8739090909090909,0.563,0.6217272727272728,-0.147,0.47114204363714685,3921144,0.11806390909090908,4176345
91,2021,Clocks,7,Machinery,0.19308064756702842,0.8680769230769231,0.5266153846153846,0.6728461538461539,-0.036,0.5830368127506111,5131503,0.20378123076923077,5313045
91,2022,Clocks,7,Machinery,0.2070739881164093,0.8622307692307692,0.5611538461538461,0.7300769230769231,-0.103,0.641930947091246,1593349,0.05477738461538462,1883731
91,2023,Clocks,7,Machinery,0.20449384055070563,0.8784615384615384,0.6110769230769231,0.8772307692307693,-0.197,0.6189782801999618,1239067,0.08287646153846154,992849
92,2020,Musical instruments,7,Machinery,0.5272967891221448,0.8781428571428572,0.9160000000000001,0.44557142857142856,-0.147,0.629153753320065,82233,0.05862028571428572,114020
92,2021,Musical instruments,7,Machinery,0.5290305374354906,0.876,0.9272857142857143,0.5425714285714286,-0.036,0.20911893047046046,27646,0.03366871428571429,78550
92,2022,Musical instruments,7,Machinery,0.5444718720904338,0.8688571428571429,0.9644285714285713,0.6215714285714286,-0.103,0.2928500565876203,41376,0.10613871428571428,211315
92,2023,Musical instruments,7,Machinery,0.485777423901658,0.8824285714285713,0.9131428571428571,0.6781428571428572,-0.197,0.4766949588025078,43734,0.02532942857142857,59174
93,2020,Arms and ammunition,7,Machinery,0.12383139596758563,0.8674285714285714,0.6769999999999999,0.6144285714285714,-0.147,1.0,50392,0.011413142857142858,50392
93,2021,Arms and ammunition,7,Machinery,0.13715084229227675,0.8541428571428572,0.6321428571428571,0.40599999999999997,-0.036,0.48099687484722214,93141,0.1917485714285714,224355
93,2022,Arms and ammunition,7,Machinery,0.12667758253465647,0.8451428571428571,0.6842857142857143,0.6721428571428572,-0.103,0.3333333333333333,18129,0.07423657142857143,46636
93,2023,Arms and ammunition,7,Machinery,0.10746585612477318,0.8564285714285714,0.6201428571428572,0.5234285714285715,-0.197,0.0,0,0.0027307142857142855,119578
94,2020,Furniture,0,Textiles,0.5596204212023649,0.8258333333333333,0.545,0.26433333333333336,-0.147,0.35635268627393274,11943722,0.4042943333333333,25459653
94,2021,Furniture,0,Textiles,0.5652848109774073,0.8213333333333334,0.5918333333333333,0.3425,-0.036,0.3911971046816645,23687187,0.42822283333333333,39593414
94,2022,Furniture,0,Textiles,0.5877217498985675,0.7996666666666666,0.3626666666666667,0.25933333333333336,-0.103,0.6652022514358215,40818287,1.0038951666666667,51776806
94,2023,Furniture,0,Textiles,0.5273682714317266,0.823,0.6295000000000001,0.32916666666666666,-0.19699999999999998,0.5948875508221176,34984586,0.33138,46532693
95,2020,Toys,7,Machinery,0.6704776450415003,0.8486666666666666,0.48433333333333334,0.217,-0.147,0.5813435204662415,12080438,0.7916448333333334,13799003
95,2021,Toys,7,Machinery,0.6844088045472353,0.8413333333333334,0.5001666666666666,0.39316666666666666,-0.036,0.46467750311500317,12856558,0.6730416666666666,15253200
95,2022,Toys,7,Machinery,0.6859671186753542,0.8295,0.361,0.08449999999999998,-0.103,0.6479292608972984,14678953,0.8854525,16475010
95,2023,Toys,7,Machinery,0.6579512862970187,0.8401666666666667,0.488,0.0028333333333333357,-0.19699999999999998,0.7004424636624912,14110042,0.8429546666666666,15553780
96,2020,Miscellaneous manufactured articles,7,Machinery,0.5409706179507033,0.8543333333333334,0.44477777777777777,0.05166666666666667,-0.147,0.2197400771128036,46852367,0.7796386666666666,61335378
96,2021,Miscellaneous manufactured articles,7,Machinery,0.5491819603923319,0.8496666666666667,0.41933333333333334,0.1635,-0.036,0.22490130404002726,71554576,0.9863713333333334,95682336
96,2022,Miscellaneous manufactured articles,7,Machinery,0.5680863756596978,0.8348333333333333,0.44872222222222224,0.039166666666666676,-0.103,0.2398447964762892,79650029,1.3067527222222222,117862611
96,2023,Miscellaneous manufactured articles,7,Machinery,0.5287163660697073,0.8510555555555555,0.4263888888888889,0.0903888888888889,-0.197,0.21172614569499618,83268494,1.2609695555555556,117680721
97,2020,Art,0,Textiles,0.015480609210771842,0.8573333333333334,0.4871666666666667,-0.18516666666666667,-0.147,0.607241631246679,100078,0.021551,425222
97,2021,Art,0,Textiles,0.018880609725268192,0.8545999999999999,0.3902,-0.26860000000000006,-0.036,0.674336134304567,457561,0.38165180000000004,4157892
97,2022,Art,0,Textiles,0.016676232228176945,0.8521666666666666,0.5821666666666666,0.09983333333333333,-0.103,0.5178031063329472,479283,0.08787633333333333,1207328
97,2023,Art,0,Textiles,0.02173789450739693,0.8682000000000001,0.42140000000000005,-0.2686,-0.197,0.6437734998040154,121659,0.026418199999999996,838977
99,2020,Other,9,Other,0.10553014787956183,0.84,0.001,-0.008,-0.147,0.8287735728281617,182946956,0.765487,220744196
99,2021,Other,9,Other,0.10894888006638588,0.831,0.002,0.018,-0.036,0.8477831532045772,220165341,0.781496,259695348
99,2022,Other,9,Other,0.1145864219689784,0.821,0.002,0.338,-0.103,0.8741702346533218,209186069,0.669228,239296719
99,2023,Other,9,Other,0.17872741226401412,0.829,0.002,0.044,-0.197,0.8732824130697813,253368924,0.788914,290134005
